PM25,PM10,O3,CO,NO2,SO2,WS,TEMP,RH,WD,Date,Time,Day1,Day2,Day3,Day4,Day5,Day6,Day7
11.5,20.0,23.0,0.2,1.0,0.0,2,28.0,86,15,2024-01-01,00:00:00,9.6,9.5,10.9,18.5,22.6,13.9,16.0
11.2,18.0,22.0,0.27,2.0,0.0,2,27.0,88,352,2024-01-01,01:00:00,10.0,9.0,10.7,16.7,25.8,12.1,16.0
9.8,17.0,19.0,0.26,3.0,0.0,2,27.0,90,348,2024-01-01,02:00:00,10.6,8.4,9.7,29.2,24.3,20.3,17.2
9.7,17.0,17.0,0.26,2.0,0.0,2,26.0,91,1,2024-01-01,03:00:00,10.7,10.4,10.1,27.3,25.5,19.1,17.5
8.7,16.0,17.0,0.26,2.0,0.0,2,27.0,90,3,2024-01-01,04:00:00,12.8,10.4,11.6,29.0,24.4,25.3,26.3
8.6,17.0,11.0,0.34,3.0,0.0,2,26.0,93,344,2024-01-01,05:00:00,12.1,9.3,10.3,26.9,27.1,38.4,20.5
11.4,20.0,8.0,0.37,4.0,0.0,1,26.0,94,328,2024-01-01,06:00:00,19.4,9.3,10.0,28.6,38.6,27.2,25.4
11.2,22.0,11.0,0.32,3.0,0.0,2,27.0,90,3,2024-01-01,07:00:00,15.8,12.0,9.8,41.5,32.9,16.23,23.6
13.9,27.0,18.0,0.27,1.0,0.0,3,30.0,78,37,2024-01-01,08:00:00,13.1,17.8,15.8,31.7,34.6,30.4,26.4
21.0,41.0,20.0,0.25,2.17,0.0,4,33.0,68,54,2024-01-01,09:00:00,11.2,30.5,17.7,27.4,33.7,23.8,28.3
16.5,34.0,22.0,0.2,1.0,0.15,4,34.0,64,61,2024-01-01,10:00:00,10.0,17.7,15.4,21.7,25.2,16.7,23.0
14.4,28.0,23.52,0.29,1.0,0.0,5,35.0,61,60,2024-01-01,11:00:00,9.3,14.7,13.7,17.2,22.4,14.1,17.5
11.2,24.0,27.0,0.27,1.0,0.0,5,35.0,59,66,2024-01-01,12:00:00,8.9,12.6,12.4,19.3,23.8,12.1,13.6
10.1,22.0,29.0,0.27,1.0,0.0,5,35.0,58,68,2024-01-01,13:00:00,8.8,10.5,12.9,17.2,21.9,12.1,11.5
9.7,21.0,30.0,0.27,1.0,0.0,5,35.0,57,64,2024-01-01,14:00:00,10.7,8.6,10.1,20.1,19.3,9.8,9.7
8.4,20.0,30.0,0.28,1.0,1.0,5,35.0,59,52,2024-01-01,15:00:00,10.0,8.1,9.3,18.7,17.6,9.4,8.2
8.6,19.0,31.0,0.28,1.0,1.0,5,34.0,60,51,2024-01-01,16:00:00,13.5,7.8,8.3,16.4,20.6,8.2,7.2
8.1,18.0,26.0,0.27,2.0,1.0,5,32.0,66,57,2024-01-01,17:00:00,11.8,8.8,8.6,14.4,24.3,10.3,7.4
8.7,17.0,22.0,0.27,2.0,0.0,3,30.0,71,54,2024-01-01,18:00:00,9.7,8.1,8.2,22.2,22.8,14.9,7.2
12.6,25.0,20.0,0.26,2.0,1.0,3,29.0,76,40,2024-01-01,19:00:00,9.5,8.6,16.5,32.9,23.8,19.3,9.3
16.3,32.0,19.0,0.26,1.0,1.0,3,29.0,80,29,2024-01-01,20:00:00,9.0,9.1,22.2,34.5,28.4,22.5,26.2
13.2,27.0,18.0,0.27,1.0,1.0,4,28.0,82,31,2024-01-01,21:00:00,8.4,11.1,22.6,36.5,25.5,18.3,22.0
11.7,24.0,17.0,0.26,1.0,1.0,3,28.0,83,20,2024-01-01,22:00:00,10.4,10.3,19.6,28.2,21.2,16.0,17.2
10.7,21.0,17.0,0.26,1.0,1.0,3,28.0,84,18,2024-01-01,23:00:00,10.4,9.5,17.0,21.9,16.7,16.0,15.1
9.6,19.0,17.0,0.23,1.0,0.0,3,28.0,85,17,2024-01-02,00:00:00,9.3,10.9,18.5,22.6,13.9,16.0,14.2
10.0,18.0,17.0,0.2,1.0,0.0,2,27.0,86,28,2024-01-02,01:00:00,9.3,10.7,16.7,25.8,12.1,17.2,13.7
10.6,17.0,16.0,0.17,1.0,0.0,1,27.0,87,357,2024-01-02,02:00:00,12.0,9.7,29.2,24.3,20.3,17.5,17.2
10.7,17.0,14.0,0.17,2.0,0.0,1,27.0,89,357,2024-01-02,03:00:00,17.8,10.1,27.3,25.5,19.1,26.3,19.7
12.8,25.0,12.0,0.17,3.0,0.0,2,26.0,91,348,2024-01-02,04:00:00,30.5,11.6,29.0,24.4,25.3,20.5,16.8
12.1,25.0,10.0,0.19,3.0,0.0,3,26.0,92,355,2024-01-02,05:00:00,17.7,10.3,26.9,27.1,38.4,25.4,19.3
19.4,41.0,26.0,0.05,1.0,0.0,6,34.0,60,66,2024-01-02,11:00:00,14.7,10.0,28.6,38.6,27.2,23.6,24.3
15.8,34.0,28.0,0.05,1.0,0.0,5,35.0,58,54,2024-01-02,12:00:00,12.6,9.8,41.5,32.9,16.23,26.4,22.7
13.1,28.0,30.0,0.05,1.0,0.0,5,35.0,55,65,2024-01-02,13:00:00,10.5,15.8,31.7,34.6,30.4,28.3,26.2
11.2,24.0,32.0,0.05,1.0,0.0,5,35.0,54,67,2024-01-02,14:00:00,8.6,17.7,27.4,33.7,23.8,23.0,26.5
10.0,21.0,33.0,0.05,1.0,0.0,5,36.0,54,55,2024-01-02,15:00:00,8.1,15.4,21.7,25.2,16.7,17.5,20.6
9.3,20.0,32.0,0.05,1.0,0.0,5,35.0,56,52,2024-01-02,16:00:00,7.8,13.7,17.2,22.4,14.1,13.6,18.4
8.9,18.0,31.0,0.05,2.0,0.0,5,32.0,62,50,2024-01-02,17:00:00,8.8,12.4,19.3,23.8,12.1,11.5,16.7
8.8,17.0,29.0,0.05,2.0,0.0,4,31.0,70,50,2024-01-02,18:00:00,8.1,12.9,17.2,21.9,12.1,9.7,15.4
10.7,21.0,26.0,0.05,2.0,0.0,4,29.0,76,54,2024-01-02,19:00:00,8.6,10.1,20.1,19.3,9.8,8.2,15.7
10.0,19.0,25.0,0.05,1.0,0.0,4,29.0,80,63,2024-01-02,20:00:00,9.1,9.3,18.7,17.6,9.4,7.2,16.2
13.5,26.0,22.0,0.05,1.0,0.0,3,28.0,81,51,2024-01-02,21:00:00,11.1,8.3,16.4,20.6,8.2,7.4,13.4
11.8,22.0,21.0,0.05,1.0,0.0,3,28.0,81,43,2024-01-02,22:00:00,10.3,8.6,14.4,24.3,10.3,7.2,11.3
9.7,20.0,20.0,0.05,1.0,0.0,4,28.0,82,37,2024-01-02,23:00:00,9.5,8.2,22.2,22.8,14.9,9.3,12.8
9.5,19.0,19.0,0.05,1.0,0.0,3,28.0,84,17,2024-01-03,00:00:00,10.9,16.5,32.9,23.8,19.3,26.2,19.7
9.0,18.0,19.0,0.05,1.0,0.0,3,27.0,85,16,2024-01-03,01:00:00,10.7,22.2,34.5,28.4,22.5,22.0,16.9
8.4,17.0,19.0,0.05,1.0,0.0,3,27.0,86,13,2024-01-03,02:00:00,9.7,22.6,36.5,25.5,18.3,17.2,16.0
10.4,16.0,14.0,0.05,4.0,0.0,1,27.0,88,343,2024-01-03,03:00:00,10.1,19.6,28.2,21.2,16.0,15.1,13.4
10.4,18.0,11.0,0.06,5.0,0.0,1,26.0,90,301,2024-01-03,04:00:00,11.6,17.0,21.9,16.7,16.0,14.2,11.5
9.3,18.0,6.0,0.17,6.0,0.0,2,25.0,93,325,2024-01-03,05:00:00,10.3,18.5,22.6,13.9,16.0,13.7,10.4
9.3,20.0,8.0,0.09,5.0,0.0,2,26.0,92,349,2024-01-03,06:00:00,10.0,16.7,25.8,12.1,17.2,17.2,9.9
12.0,24.0,8.0,0.12,2.17,0.0,2,27.0,88,346,2024-01-03,07:00:00,9.8,29.2,24.3,20.3,17.5,19.7,9.1
17.8,34.0,19.0,0.2,2.0,0.15,3,31.0,75,39,2024-01-03,08:00:00,15.8,27.3,25.5,19.1,26.3,16.8,14.5
30.5,44.0,23.52,0.07,1.0,0.0,5,33.0,64,55,2024-01-03,09:00:00,17.7,29.0,24.4,25.3,20.5,19.3,13.7
17.7,36.0,29.0,0.07,1.0,0.0,5,34.0,61,60,2024-01-03,10:00:00,15.4,26.9,27.1,38.4,25.4,24.3,12.7
14.7,30.0,29.0,0.06,1.0,0.0,5,35.0,58,68,2024-01-03,11:00:00,13.7,28.6,38.6,27.2,23.6,22.7,12.8
12.6,26.0,29.0,0.05,1.0,0.0,5,36.0,55,60,2024-01-03,12:00:00,12.4,41.5,32.9,16.23,26.4,26.2,18.1
10.5,23.0,29.0,0.05,1.0,0.0,5,36.0,53,64,2024-01-03,13:00:00,12.9,31.7,34.6,30.4,28.3,26.5,21.6
8.6,21.0,29.0,0.05,1.0,1.0,6,36.0,51,67,2024-01-03,14:00:00,10.1,27.4,33.7,23.8,23.0,20.6,26.6
8.1,19.0,28.0,0.06,1.0,1.0,5,35.0,53,63,2024-01-03,15:00:00,9.3,21.7,25.2,16.7,17.5,18.4,20.8
7.8,19.0,27.0,0.05,1.0,1.0,5,35.0,58,45,2024-01-03,16:00:00,8.3,17.2,22.4,14.1,13.6,16.7,16.3
8.8,20.0,23.0,0.07,2.0,1.0,4,32.0,64,54,2024-01-03,17:00:00,8.6,19.3,23.8,12.1,11.5,15.4,13.0
8.1,17.0,23.0,0.06,2.0,1.0,4,31.0,69,52,2024-01-03,18:00:00,8.2,17.2,21.9,12.1,9.7,15.7,14.0
8.6,17.0,23.0,0.07,2.0,1.0,3,30.0,75,49,2024-01-03,19:00:00,16.5,20.1,19.3,9.8,8.2,16.2,11.4
9.1,17.0,22.0,0.08,2.0,1.0,3,29.0,78,51,2024-01-03,20:00:00,22.2,18.7,17.6,9.4,7.2,13.4,9.6
11.1,20.0,21.0,0.07,2.0,1.0,2,28.0,82,45,2024-01-03,21:00:00,22.6,16.4,20.6,8.2,7.4,11.3,9.0
10.3,19.0,22.0,0.06,1.0,1.0,3,28.0,83,35,2024-01-03,22:00:00,19.6,14.4,24.3,10.3,7.2,12.8,9.3
9.5,18.0,23.0,0.06,1.0,1.0,3,28.0,84,31,2024-01-03,23:00:00,17.0,22.2,22.8,14.9,9.3,19.7,9.0
10.9,20.0,23.0,0.1,1.0,0.0,2,28.0,85,10,2024-01-04,00:00:00,18.5,32.9,23.8,19.3,26.2,16.9,14.0
10.7,20.0,21.0,0.22,1.0,1.0,2,27.0,87,7,2024-01-04,01:00:00,16.7,34.5,28.4,22.5,22.0,16.0,18.3
9.7,18.0,19.0,0.22,2.0,0.0,2,27.0,89,356,2024-01-04,02:00:00,29.2,36.5,25.5,18.3,17.2,13.4,17.8
10.1,20.0,18.0,0.22,2.0,0.0,2,27.0,90,353,2024-01-04,03:00:00,27.3,28.2,21.2,16.0,15.1,11.5,14.8
11.6,22.0,16.0,0.24,4.0,0.0,1,26.0,91,342,2024-01-04,04:00:00,29.0,21.9,16.7,16.0,14.2,10.4,12.9
10.3,20.0,16.0,0.25,4.0,0.0,2,26.0,91,348,2024-01-04,05:00:00,26.9,22.6,13.9,16.0,13.7,9.9,12.8
10.0,18.0,11.0,0.33,2.17,0.0,2,26.0,92,337,2024-01-04,06:00:00,28.6,25.8,12.1,17.2,17.2,9.1,10.3
9.8,19.0,9.0,0.2,8.0,0.15,2,27.0,90,338,2024-01-04,07:00:00,41.5,24.3,20.3,17.5,19.7,14.5,10.5
15.8,26.0,23.52,0.29,3.0,0.0,2,31.0,76,37,2024-01-04,08:00:00,31.7,25.5,19.1,26.3,16.8,13.7,13.3
17.7,33.0,32.0,0.17,1.0,0.0,4,33.0,65,55,2024-01-04,09:00:00,27.4,24.4,25.3,20.5,19.3,12.7,14.4
15.4,30.0,33.0,0.16,1.0,0.0,4,34.0,61,66,2024-01-04,10:00:00,21.7,27.1,38.4,25.4,24.3,12.8,16.7
13.7,26.0,33.0,0.15,1.0,0.0,4,35.0,60,71,2024-01-04,11:00:00,17.2,38.6,27.2,23.6,22.7,18.1,15.3
12.4,24.0,33.0,0.15,1.0,0.0,4,36.0,57,69,2024-01-04,12:00:00,19.3,32.9,16.23,26.4,26.2,21.6,18.6
12.9,26.0,34.0,0.13,1.0,0.0,5,36.0,55,63,2024-01-04,13:00:00,17.2,34.6,30.4,28.3,26.5,26.6,23.5
10.1,23.0,30.0,0.13,1.0,0.0,6,36.0,56,55,2024-01-04,14:00:00,20.1,33.7,23.8,23.0,20.6,20.8,26.0
9.3,21.0,30.0,0.13,2.0,0.0,5,35.0,58,56,2024-01-04,15:00:00,18.7,25.2,16.7,17.5,18.4,16.3,20.7
8.3,19.0,36.0,0.17,2.0,1.0,6,34.0,59,53,2024-01-04,16:00:00,16.4,22.4,14.1,13.6,16.7,13.0,15.9
8.6,18.0,36.0,0.23,2.0,1.0,5,32.0,66,55,2024-01-04,17:00:00,14.4,23.8,12.1,11.5,15.4,14.0,13.2
8.2,17.0,33.0,0.23,2.0,0.0,5,31.0,72,51,2024-01-04,18:00:00,22.2,21.9,12.1,9.7,15.7,11.4,11.6
16.5,32.0,32.0,0.23,1.0,0.0,5,30.0,76,44,2024-01-04,19:00:00,32.9,19.3,9.8,8.2,16.2,9.6,10.1
22.2,41.0,31.0,0.22,1.0,1.0,4,29.0,79,41,2024-01-04,20:00:00,34.5,17.6,9.4,7.2,13.4,9.0,9.8
22.6,42.0,31.0,0.22,1.0,1.0,4,29.0,81,37,2024-01-04,21:00:00,36.5,20.6,8.2,7.4,11.3,9.3,10.1
19.6,34.0,30.0,0.22,1.0,1.0,3,29.0,82,30,2024-01-04,22:00:00,28.2,24.3,10.3,7.2,12.8,9.0,11.0
17.0,29.0,30.0,0.22,1.0,1.0,2,28.0,83,55,2024-01-04,23:00:00,21.9,22.8,14.9,9.3,19.7,14.0,11.0
18.5,30.0,32.0,0.22,1.0,0.0,2,28.0,82,43,2024-01-05,00:00:00,22.6,23.8,19.3,26.2,16.9,18.3,18.4
16.7,27.0,31.0,0.2,1.0,0.0,2,28.0,82,33,2024-01-05,01:00:00,25.8,28.4,22.5,22.0,16.0,17.8,22.1
29.2,48.0,31.0,0.23,2.0,0.0,1,28.0,83,1,2024-01-05,02:00:00,24.3,25.5,18.3,17.2,13.4,14.8,24.6
27.3,45.0,26.0,0.23,3.0,0.0,1,27.0,86,34,2024-01-05,03:00:00,25.5,21.2,16.0,15.1,11.5,12.9,19.6
29.0,48.0,28.0,0.25,3.0,0.0,1,27.0,86,358,2024-01-05,04:00:00,24.4,16.7,16.0,14.2,10.4,12.8,16.8
26.9,47.0,20.0,0.25,2.17,0.0,1,26.0,88,334,2024-01-05,05:00:00,27.1,13.9,16.0,13.7,9.9,10.3,14.5
28.6,50.0,25.0,0.2,3.0,0.15,2,26.0,88,358,2024-01-05,06:00:00,38.6,12.1,17.2,17.2,9.1,10.5,12.5
41.5,54.0,23.52,0.28,6.0,0.0,2,27.0,87,350,2024-01-05,07:00:00,32.9,20.3,17.5,19.7,14.5,13.3,15.1
31.7,57.0,30.0,0.23,2.0,0.0,3,30.0,76,54,2024-01-05,08:00:00,34.6,19.1,26.3,16.8,13.7,14.4,18.8
27.4,51.0,35.0,0.15,1.0,0.0,5,32.0,67,60,2024-01-05,09:00:00,33.7,25.3,20.5,19.3,12.7,16.7,17.6
21.7,41.0,38.0,0.16,1.0,0.0,5,33.0,63,63,2024-01-05,10:00:00,25.2,38.4,25.4,24.3,12.8,15.3,21.9
17.2,34.0,37.0,0.16,1.0,0.0,5,34.0,63,54,2024-01-05,11:00:00,22.4,27.2,23.6,22.7,18.1,18.6,19.3
19.3,37.0,42.0,0.16,1.0,0.0,5,34.0,60,56,2024-01-05,12:00:00,23.8,16.23,26.4,26.2,21.6,23.5,18.9
17.2,34.0,42.0,0.16,1.0,0.0,6,34.0,60,50,2024-01-05,13:00:00,21.9,30.4,28.3,26.5,26.6,26.0,25.9
20.1,38.0,39.0,0.17,2.0,0.0,5,33.0,64,51,2024-01-05,14:00:00,19.3,23.8,23.0,20.6,20.8,20.7,28.7
18.7,34.0,38.0,0.15,2.0,0.0,4,33.0,65,53,2024-01-05,15:00:00,17.6,16.7,17.5,18.4,16.3,15.9,22.0
16.4,31.0,40.0,0.18,2.0,1.0,5,32.0,64,61,2024-01-05,16:00:00,20.6,14.1,13.6,16.7,13.0,13.2,17.5
14.4,27.0,37.0,0.25,1.0,1.0,4,31.0,69,47,2024-01-05,17:00:00,24.3,12.1,11.5,15.4,14.0,11.6,14.6
22.2,40.0,34.0,0.26,2.0,0.0,4,30.0,74,40,2024-01-05,18:00:00,22.8,12.1,9.7,15.7,11.4,10.1,12.9
32.9,58.0,32.0,0.25,2.0,0.0,3,29.0,78,35,2024-01-05,19:00:00,23.8,9.8,8.2,16.2,9.6,9.8,11.5
34.5,61.0,31.0,0.25,2.0,0.0,3,29.0,80,17,2024-01-05,20:00:00,28.4,9.4,7.2,13.4,9.0,10.1,16.1
36.5,63.0,28.0,0.26,3.0,0.0,2,28.0,82,4,2024-01-05,21:00:00,25.5,8.2,7.4,11.3,9.3,11.0,15.1
28.2,49.0,23.0,0.27,5.0,0.0,2,27.0,86,352,2024-01-05,22:00:00,21.2,10.3,7.2,12.8,9.0,11.0,13.2
21.9,39.0,27.0,0.26,2.0,0.0,2,28.0,86,37,2024-01-05,23:00:00,16.7,14.9,9.3,19.7,14.0,18.4,17.1
22.6,40.0,30.0,0.26,1.0,0.0,3,28.0,84,57,2024-01-06,00:00:00,13.9,19.3,26.2,16.9,18.3,22.1,21.7
25.8,44.0,29.0,0.27,1.0,0.0,2,27.0,86,25,2024-01-06,01:00:00,12.1,22.5,22.0,16.0,17.8,24.6,25.2
24.3,43.0,29.0,0.27,1.0,0.0,3,27.0,88,3,2024-01-06,02:00:00,20.3,18.3,17.2,13.4,14.8,19.6,25.1
25.5,44.0,32.0,0.28,1.0,0.0,3,27.0,88,14,2024-01-06,03:00:00,19.1,16.0,15.1,11.5,12.9,16.8,20.7
24.4,41.0,35.0,0.3,2.17,0.0,3,27.0,87,21,2024-01-06,04:00:00,25.3,16.0,14.2,10.4,12.8,14.5,19.6
27.1,47.0,38.0,0.2,1.0,0.15,3,27.0,87,25,2024-01-06,05:00:00,38.4,16.0,13.7,9.9,10.3,12.5,16.5
38.6,48.0,23.52,0.34,2.0,0.0,3,27.0,86,27,2024-01-06,06:00:00,27.2,17.2,17.2,9.1,10.5,15.1,15.9
32.9,56.0,40.0,0.34,2.0,0.0,3,28.0,84,25,2024-01-06,07:00:00,16.23,17.5,19.7,14.5,13.3,18.8,19.2
34.6,61.0,40.0,0.29,2.0,0.0,3,29.0,78,38,2024-01-06,08:00:00,30.4,26.3,16.8,13.7,14.4,17.6,22.8
33.7,61.0,44.0,0.21,1.0,0.0,5,32.0,69,49,2024-01-06,09:00:00,23.8,20.5,19.3,12.7,16.7,21.9,24.2
25.2,48.0,46.0,0.21,1.0,0.0,6,33.0,63,51,2024-01-06,10:00:00,16.7,25.4,24.3,12.8,15.3,19.3,25.8
22.4,41.0,52.0,0.22,1.0,1.0,6,35.0,57,59,2024-01-06,11:00:00,14.1,23.6,22.7,18.1,18.6,18.9,24.0
23.8,44.0,49.0,0.21,1.0,0.0,6,35.0,55,67,2024-01-06,12:00:00,12.1,26.4,26.2,21.6,23.5,25.9,21.8
21.9,41.0,44.0,0.18,1.0,0.0,5,35.0,57,69,2024-01-06,13:00:00,12.1,28.3,26.5,26.6,26.0,28.7,31.5
19.3,38.0,41.0,0.19,1.0,0.0,6,34.0,62,49,2024-01-06,14:00:00,9.8,23.0,20.6,20.8,20.7,22.0,33.3
17.6,31.0,36.0,0.2,2.0,0.0,4,29.0,80,50,2024-01-06,15:00:00,9.4,17.5,18.4,16.3,15.9,17.5,26.6
20.6,35.0,33.0,0.24,2.0,0.0,3,31.0,75,62,2024-01-06,16:00:00,8.2,13.6,16.7,13.0,13.2,14.6,20.6
24.3,43.0,35.0,0.3,2.0,0.0,3,31.0,74,72,2024-01-06,17:00:00,10.3,11.5,15.4,14.0,11.6,12.9,19.6
22.8,39.0,34.0,0.32,3.0,0.0,3,30.0,76,57,2024-01-06,18:00:00,14.9,9.7,15.7,11.4,10.1,11.5,18.4
23.8,40.0,34.0,0.3,2.0,0.0,2,29.0,79,45,2024-01-06,19:00:00,19.3,8.2,16.2,9.6,9.8,16.1,18.3
28.4,48.0,34.0,0.29,2.0,0.0,2,29.0,80,36,2024-01-06,20:00:00,22.5,7.2,13.4,9.0,10.1,15.1,19.0
25.5,43.0,32.0,0.28,2.0,0.0,2,28.0,83,18,2024-01-06,21:00:00,18.3,7.4,11.3,9.3,11.0,13.2,16.4
21.2,34.0,28.0,0.26,2.0,0.0,1,28.0,84,2,2024-01-06,22:00:00,16.0,7.2,12.8,9.0,11.0,17.1,13.7
16.7,29.0,20.0,0.3,6.0,0.0,2,27.0,87,352,2024-01-06,23:00:00,16.0,9.3,19.7,14.0,18.4,21.7,11.5
13.9,25.0,17.0,0.4,5.0,0.0,2,27.0,89,345,2024-01-07,00:00:00,16.0,26.2,16.9,18.3,22.1,25.2,18.3
12.1,22.0,10.0,0.57,8.0,0.0,1,26.0,92,334,2024-01-07,01:00:00,17.2,22.0,16.0,17.8,24.6,25.1,28.6
20.3,36.0,10.0,0.62,6.0,0.0,1,26.0,93,351,2024-01-07,02:00:00,17.5,17.2,13.4,14.8,19.6,20.7,28.9
19.1,34.0,10.0,0.75,2.17,0.0,1,26.0,94,331,2024-01-07,03:00:00,26.3,15.1,11.5,12.9,16.8,19.6,22.5
25.3,46.0,9.0,0.2,5.0,0.15,1,26.0,94,333,2024-01-07,04:00:00,20.5,14.2,10.4,12.8,14.5,16.5,18.9
38.4,48.0,23.52,0.45,6.0,0.0,1,26.0,95,328,2024-01-07,05:00:00,25.4,13.7,9.9,10.3,12.5,15.9,15.5
27.2,49.0,7.0,0.53,6.0,0.0,1,26.0,95,7,2024-01-07,06:00:00,23.6,17.2,9.1,10.5,15.1,19.2,19.9
16.23,33.71,13.0,0.21,4.0,0.0,1,28.0,88,53,2024-01-07,08:00:00,26.4,19.7,14.5,13.3,18.8,22.8,18.6
30.4,54.0,21.0,0.21,2.0,0.0,2,31.0,79,38,2024-01-07,09:00:00,28.3,16.8,13.7,14.4,17.6,24.2,21.6
23.8,40.0,30.0,0.19,1.0,0.0,2,32.0,71,42,2024-01-07,10:00:00,23.0,19.3,12.7,16.7,21.9,25.8,23.5
16.7,32.0,29.0,0.19,1.0,0.0,4,30.0,79,38,2024-01-07,11:00:00,17.5,24.3,12.8,15.3,19.3,24.0,22.7
14.1,27.0,25.0,0.16,1.0,0.0,3,30.0,81,29,2024-01-07,12:00:00,13.6,22.7,18.1,18.6,18.9,21.8,24.2
12.1,24.0,24.0,0.15,1.0,0.0,3,30.0,79,35,2024-01-07,13:00:00,11.5,26.2,21.6,23.5,25.9,31.5,24.9
12.1,21.0,18.0,0.14,3.0,0.0,2,29.0,85,64,2024-01-07,14:00:00,9.7,26.5,26.6,26.0,28.7,33.3,25.5
9.8,20.0,21.0,0.12,1.0,0.0,3,29.0,84,48,2024-01-07,15:00:00,8.2,20.6,20.8,20.7,22.0,26.6,30.1
9.4,19.0,20.0,0.15,2.0,0.0,3,29.0,84,38,2024-01-07,16:00:00,7.2,18.4,16.3,15.9,17.5,20.6,26.2
8.2,18.0,20.0,0.21,2.0,0.0,4,29.0,82,44,2024-01-07,17:00:00,7.4,16.7,13.0,13.2,14.6,19.6,20.3
10.3,22.0,19.0,0.22,2.0,0.0,4,29.0,82,50,2024-01-07,18:00:00,7.2,15.4,14.0,11.6,12.9,18.4,19.5
14.9,28.0,20.0,0.21,2.0,0.0,3,28.0,83,43,2024-01-07,19:00:00,9.3,15.7,11.4,10.1,11.5,18.3,18.6
19.3,37.0,22.0,0.22,2.0,0.0,3,28.0,83,45,2024-01-07,20:00:00,26.2,16.2,9.6,9.8,16.1,19.0,17.8
22.5,42.0,23.0,0.23,2.0,0.0,3,28.0,83,48,2024-01-07,21:00:00,22.0,13.4,9.0,10.1,15.1,16.4,17.4
18.3,34.0,24.0,0.22,2.0,0.0,3,28.0,85,42,2024-01-07,22:00:00,17.2,11.3,9.3,11.0,13.2,13.7,17.2
16.0,28.0,27.0,0.24,1.0,0.0,3,28.0,85,36,2024-01-07,23:00:00,15.1,12.8,9.0,11.0,17.1,11.5,15.5
16.0,29.0,27.0,0.23,1.0,0.0,3,28.0,85,26,2024-01-08,00:00:00,14.2,19.7,14.0,18.4,21.7,18.3,18.8
16.0,29.0,23.0,0.21,1.0,0.0,3,28.0,84,24,2024-01-08,01:00:00,13.7,16.9,18.3,22.1,25.2,28.6,29.6
17.2,32.0,22.0,0.21,2.17,0.0,3,28.0,84,22,2024-01-08,02:00:00,17.2,16.0,17.8,24.6,25.1,28.9,37.9
17.5,34.0,22.0,0.2,1.0,0.15,4,28.0,84,46,2024-01-08,03:00:00,19.7,13.4,14.8,19.6,20.7,22.5,38.0
26.3,49.0,23.52,0.22,1.0,0.0,3,28.0,85,46,2024-01-08,04:00:00,16.8,11.5,12.9,16.8,19.6,18.9,29.1
20.5,39.0,20.0,0.22,1.0,0.0,3,27.0,86,40,2024-01-08,05:00:00,19.3,10.4,12.8,14.5,16.5,15.5,22.9
25.4,46.0,20.0,0.22,2.0,0.0,2,27.0,85,27,2024-01-08,06:00:00,24.3,9.9,10.3,12.5,15.9,19.9,20.9
23.6,42.0,18.0,0.23,3.0,0.0,2,28.0,83,27,2024-01-08,07:00:00,22.7,9.1,10.5,15.1,19.2,18.6,22.7
26.4,51.0,21.0,0.23,2.0,0.0,4,31.0,74,53,2024-01-08,08:00:00,26.2,14.5,13.3,18.8,22.8,21.6,24.1
28.3,55.0,26.0,0.22,1.0,0.0,5,32.0,70,50,2024-01-08,09:00:00,26.5,13.7,14.4,17.6,24.2,23.5,27.4
23.0,44.0,22.0,0.23,1.0,0.0,3,33.0,69,51,2024-01-08,10:00:00,20.6,12.7,16.7,21.9,25.8,22.7,26.8
17.5,35.0,23.0,0.2,1.0,0.0,4,33.0,66,54,2024-01-08,11:00:00,18.4,12.8,15.3,19.3,24.0,24.2,25.7
13.6,30.0,23.0,0.21,1.0,0.0,5,33.0,66,72,2024-01-08,12:00:00,16.7,18.1,18.6,18.9,21.8,24.9,29.3
11.5,26.0,23.0,0.2,1.0,0.0,5,33.0,67,73,2024-01-08,13:00:00,15.4,21.6,23.5,25.9,31.5,25.5,30.7
9.7,24.0,22.0,0.19,1.0,0.0,5,34.0,61,73,2024-01-08,14:00:00,15.7,26.6,26.0,28.7,33.3,30.1,27.8
8.2,21.0,22.0,0.19,1.0,0.0,5,34.0,60,73,2024-01-08,15:00:00,16.2,20.8,20.7,22.0,26.6,26.2,29.8
7.2,19.0,21.0,0.16,1.0,0.0,5,33.0,62,62,2024-01-08,16:00:00,13.4,16.3,15.9,17.5,20.6,20.3,22.7
7.4,18.0,19.0,0.06,2.0,0.0,4,32.0,67,57,2024-01-08,17:00:00,11.3,13.0,13.2,14.6,19.6,19.5,18.4
7.2,17.0,19.0,0.06,1.0,0.0,4,30.0,71,55,2024-01-08,18:00:00,12.8,14.0,11.6,12.9,18.4,18.6,14.8
9.3,20.0,18.0,0.06,2.0,0.0,3,29.0,77,55,2024-01-08,19:00:00,19.7,11.4,10.1,11.5,18.3,17.8,12.4
26.2,49.0,17.0,0.07,2.0,0.0,3,29.0,81,51,2024-01-08,20:00:00,16.9,9.6,9.8,16.1,19.0,17.4,19.3
22.0,41.0,16.0,0.06,1.0,0.0,2,28.0,82,40,2024-01-08,21:00:00,16.0,9.0,10.1,15.1,16.4,17.2,15.2
17.2,34.0,16.0,0.05,1.0,0.0,3,28.0,83,34,2024-01-08,22:00:00,13.4,9.3,11.0,13.2,13.7,15.5,14.5
15.1,28.0,16.0,0.05,1.0,0.0,2,28.0,83,36,2024-01-08,23:00:00,11.5,9.0,11.0,17.1,11.5,18.8,12.7
14.2,25.0,15.0,0.07,1.0,0.0,1,28.0,85,345,2024-01-09,00:00:00,10.4,14.0,18.4,21.7,18.3,29.6,12.2
13.7,27.0,18.0,0.13,2.17,0.0,3,28.0,84,37,2024-01-09,01:00:00,9.9,18.3,22.1,25.2,28.6,37.9,17.0
17.2,31.0,18.0,0.2,1.0,0.15,2,28.0,85,25,2024-01-09,02:00:00,9.1,17.8,24.6,25.1,28.9,38.0,34.6
19.7,39.0,23.52,0.16,1.0,0.0,4,27.0,86,23,2024-01-09,03:00:00,14.5,14.8,19.6,20.7,22.5,29.1,23.0
16.8,32.0,17.0,0.15,1.0,0.0,3,27.0,85,15,2024-01-09,04:00:00,13.7,12.9,16.8,19.6,18.9,22.9,18.2
19.3,34.0,16.0,0.14,3.0,0.0,1,27.0,87,357,2024-01-09,05:00:00,12.7,12.8,14.5,16.5,15.5,20.9,16.3
24.3,44.0,15.0,0.15,3.0,0.0,2,27.0,88,8,2024-01-09,06:00:00,12.8,10.3,12.5,15.9,19.9,22.7,13.7
22.7,42.0,17.0,0.19,3.0,0.0,2,28.0,85,28,2024-01-09,07:00:00,18.1,10.5,15.1,19.2,18.6,24.1,12.9
26.2,48.0,23.0,0.18,2.0,0.0,3,31.0,76,39,2024-01-09,08:00:00,21.6,13.3,18.8,22.8,21.6,27.4,11.7
26.5,50.0,25.0,0.17,1.0,0.0,4,33.0,67,54,2024-01-09,09:00:00,26.6,14.4,17.6,24.2,23.5,26.8,10.9
20.6,39.0,29.0,0.18,1.0,0.0,4,34.0,64,62,2024-01-09,10:00:00,20.8,16.7,21.9,25.8,22.7,25.7,11.9
18.4,34.0,33.0,0.19,1.0,0.0,4,35.0,60,60,2024-01-09,11:00:00,16.3,15.3,19.3,24.0,24.2,29.3,14.7
16.7,33.0,32.0,0.18,1.0,0.0,5,35.0,58,74,2024-01-09,12:00:00,13.0,18.6,18.9,21.8,24.9,30.7,15.0
15.4,29.0,32.0,0.18,1.0,0.0,4,35.0,57,74,2024-01-09,13:00:00,14.0,23.5,25.9,31.5,25.5,27.8,17.6
15.7,31.0,32.0,0.17,1.0,0.0,4,35.0,56,60,2024-01-09,14:00:00,11.4,26.0,28.7,33.3,30.1,29.8,20.8
16.2,31.0,30.0,0.18,1.0,0.0,4,35.0,58,44,2024-01-09,15:00:00,9.6,20.7,22.0,26.6,26.2,22.7,23.6
13.4,26.0,27.0,0.17,1.0,0.0,4,33.0,65,20,2024-01-09,16:00:00,9.0,15.9,17.5,20.6,20.3,18.4,17.5
11.3,23.0,23.0,0.18,2.0,0.0,4,31.0,74,27,2024-01-09,17:00:00,9.3,13.2,14.6,19.6,19.5,14.8,13.6
12.8,24.0,19.0,0.19,2.0,0.0,3,29.0,80,41,2024-01-09,18:00:00,9.0,11.6,12.9,18.4,18.6,12.4,10.0
19.7,35.0,16.0,0.16,2.0,0.0,2,29.0,82,46,2024-01-09,19:00:00,14.0,10.1,11.5,18.3,17.8,19.3,8.4
16.9,32.0,16.0,0.15,1.0,0.0,3,29.0,83,30,2024-01-09,20:00:00,18.3,9.8,16.1,19.0,17.4,15.2,7.1
16.0,29.0,14.0,0.17,3.0,0.0,2,28.0,85,354,2024-01-09,21:00:00,17.8,10.1,15.1,16.4,17.2,14.5,6.8
13.4,25.0,9.0,0.4,6.0,0.0,2,27.0,88,343,2024-01-09,22:00:00,14.8,11.0,13.2,13.7,15.5,12.7,8.1
11.5,22.0,7.0,0.36,6.0,0.0,2,26.0,91,332,2024-01-09,23:00:00,12.9,11.0,17.1,11.5,18.8,12.2,12.7
10.4,20.0,7.0,0.36,2.17,0.0,2,26.0,92,336,2024-01-10,00:00:00,12.8,18.4,21.7,18.3,29.6,17.0,15.8
9.9,18.0,10.0,0.2,4.0,0.15,2,26.0,93,339,2024-01-10,01:00:00,10.3,22.1,25.2,28.6,37.9,34.6,20.1
9.1,18.0,23.52,0.3,4.0,0.0,2,26.0,94,341,2024-01-10,02:00:00,10.5,24.6,25.1,28.9,38.0,23.0,19.7
14.5,26.0,8.0,0.38,5.0,0.0,1,26.0,94,330,2024-01-10,03:00:00,13.3,19.6,20.7,22.5,29.1,18.2,19.9
13.7,25.0,6.0,0.3,5.0,0.0,1,26.0,94,337,2024-01-10,04:00:00,14.4,16.8,19.6,18.9,22.9,16.3,15.7
12.7,22.0,2.0,0.35,7.0,0.0,0,26.0,95,300,2024-01-10,05:00:00,16.7,14.5,16.5,15.5,20.9,13.7,14.2
12.8,24.0,3.0,0.36,6.0,0.0,1,26.0,95,320,2024-01-10,06:00:00,15.3,12.5,15.9,19.9,22.7,12.9,13.0
18.1,33.0,4.0,0.46,7.0,0.0,1,26.0,94,296,2024-01-10,07:00:00,18.6,15.1,19.2,18.6,24.1,11.7,19.3
21.6,39.0,2.0,0.54,8.0,0.0,1,27.0,91,267,2024-01-10,08:00:00,23.5,18.8,22.8,21.6,27.4,10.9,20.1
26.6,48.0,6.0,0.48,8.0,0.0,1,28.0,88,87,2024-01-10,09:00:00,26.0,17.6,24.2,23.5,26.8,11.9,24.4
20.8,39.0,16.0,0.26,2.0,0.0,2,30.0,83,37,2024-01-10,10:00:00,20.7,21.9,25.8,22.7,25.7,14.7,24.4
16.3,33.0,18.0,0.21,1.0,0.0,4,34.0,65,44,2024-01-10,11:00:00,15.9,19.3,24.0,24.2,29.3,15.0,24.2
13.0,29.0,17.0,0.19,1.0,0.0,4,35.0,60,55,2024-01-10,12:00:00,13.2,18.9,21.8,24.9,30.7,17.6,25.1
14.0,31.0,17.0,0.16,1.0,0.0,5,35.0,60,75,2024-01-10,13:00:00,11.6,25.9,31.5,25.5,27.8,20.8,21.7
11.4,27.0,16.0,0.17,1.0,0.0,5,35.0,58,70,2024-01-10,14:00:00,10.1,28.7,33.3,30.1,29.8,23.6,31.5
9.6,24.0,15.0,0.16,1.0,0.0,5,35.0,57,67,2024-01-10,15:00:00,9.8,22.0,26.6,26.2,22.7,17.5,22.6
9.0,22.0,16.0,0.13,2.0,0.0,5,34.0,59,73,2024-01-10,16:00:00,10.1,17.5,20.6,20.3,18.4,13.6,16.8
9.3,21.0,18.0,0.06,3.0,0.0,4,32.0,64,62,2024-01-10,17:00:00,11.0,14.6,19.6,19.5,14.8,10.0,13.0
9.0,19.0,16.0,0.09,3.0,1.0,3,31.0,71,60,2024-01-10,18:00:00,11.0,12.9,18.4,18.6,12.4,8.4,12.1
14.0,29.0,15.0,0.08,2.0,1.0,4,30.0,76,51,2024-01-10,19:00:00,18.4,11.5,18.3,17.8,19.3,7.1,12.4
18.3,36.0,14.0,0.07,2.0,1.0,3,29.0,79,53,2024-01-10,20:00:00,22.1,16.1,19.0,17.4,15.2,6.8,16.7
17.8,34.0,12.0,0.06,2.0,1.0,3,29.0,81,44,2024-01-10,21:00:00,24.6,15.1,16.4,17.2,14.5,8.1,14.8
14.8,29.0,11.0,0.06,2.0,1.0,2,28.0,83,33,2024-01-10,22:00:00,19.6,13.2,13.7,15.5,12.7,12.7,16.3
12.9,25.0,11.0,0.06,2.17,1.0,2,28.0,84,34,2024-01-10,23:00:00,16.8,17.1,11.5,18.8,12.2,15.8,16.2
12.8,22.0,10.0,0.2,2.0,0.15,1,28.0,85,354,2024-01-11,00:00:00,14.5,21.7,18.3,29.6,17.0,20.1,25.3
10.3,20.0,23.52,0.12,2.0,1.0,2,27.0,87,10,2024-01-11,01:00:00,12.5,25.2,28.6,37.9,34.6,19.7,34.0
10.5,21.0,10.0,0.1,1.0,1.0,3,27.0,88,22,2024-01-11,02:00:00,15.1,25.1,28.9,38.0,23.0,19.9,52.1
13.3,27.0,11.0,0.11,1.0,1.0,3,27.0,86,24,2024-01-11,03:00:00,18.8,20.7,22.5,29.1,18.2,15.7,44.7
14.4,28.0,12.0,0.09,1.0,1.0,3,27.0,86,27,2024-01-11,04:00:00,17.6,19.6,18.9,22.9,16.3,14.2,32.4
16.7,32.0,11.0,0.09,1.0,1.0,2,27.0,85,28,2024-01-11,05:00:00,21.9,16.5,15.5,20.9,13.7,13.0,24.4
15.3,29.0,9.0,0.13,5.0,0.0,2,27.0,88,354,2024-01-11,06:00:00,19.3,15.9,19.9,22.7,12.9,19.3,27.3
18.6,37.0,1.0,0.25,7.0,0.0,2,27.0,89,349,2024-01-11,07:00:00,18.9,19.2,18.6,24.1,11.7,20.1,23.5
23.5,46.0,4.0,0.22,5.0,0.0,2,29.0,82,1,2024-01-11,08:00:00,25.9,22.8,21.6,27.4,10.9,24.4,27.3
26.0,51.0,12.0,0.11,1.0,0.0,3,32.0,72,44,2024-01-11,09:00:00,28.7,24.2,23.5,26.8,11.9,24.4,31.1
20.7,41.0,16.0,0.11,1.0,0.0,3,34.0,63,79,2024-01-11,10:00:00,22.0,25.8,22.7,25.7,14.7,24.2,28.9
15.9,33.0,20.0,0.11,1.0,0.0,4,35.0,59,75,2024-01-11,11:00:00,17.5,24.0,24.2,29.3,15.0,25.1,25.6
13.2,28.0,24.0,0.11,1.0,0.0,4,36.0,54,68,2024-01-11,12:00:00,14.6,21.8,24.9,30.7,17.6,21.7,29.1
11.6,25.0,22.0,0.11,1.0,0.0,4,36.0,52,61,2024-01-11,13:00:00,12.9,31.5,25.5,27.8,20.8,31.5,28.3
10.1,23.0,24.0,0.12,1.0,0.0,5,35.0,54,71,2024-01-11,14:00:00,11.5,33.3,30.1,29.8,23.6,22.6,27.8
9.8,22.0,24.0,0.12,2.0,0.0,4,35.0,57,64,2024-01-11,15:00:00,16.1,26.6,26.2,22.7,17.5,16.8,29.8
10.1,22.0,25.0,0.13,2.0,0.0,5,34.0,57,63,2024-01-11,16:00:00,15.1,20.6,20.3,18.4,13.6,13.0,22.0
11.0,23.0,25.0,0.17,2.0,0.0,4,32.0,64,65,2024-01-11,17:00:00,13.2,19.6,19.5,14.8,10.0,12.1,16.9
11.0,21.0,21.0,0.21,3.0,0.0,3,30.0,71,58,2024-01-11,18:00:00,17.1,18.4,18.6,12.4,8.4,12.4,13.8
18.4,33.0,17.0,0.22,4.0,0.0,2,29.0,76,51,2024-01-11,19:00:00,21.7,18.3,17.8,19.3,7.1,16.7,12.1
22.1,40.0,18.0,0.18,3.0,0.0,2,29.0,80,39,2024-01-11,20:00:00,25.2,19.0,17.4,15.2,6.8,14.8,11.2
24.6,45.0,16.0,0.17,2.0,0.0,2,28.0,82,29,2024-01-11,21:00:00,25.1,16.4,17.2,14.5,8.1,16.3,12.0
19.6,36.0,13.0,0.16,2.17,0.0,2,28.0,83,20,2024-01-11,22:00:00,20.7,13.7,15.5,12.7,12.7,16.2,9.9
16.8,31.0,11.0,0.2,2.0,0.15,2,27.0,85,19,2024-01-11,23:00:00,19.6,11.5,18.8,12.2,15.8,25.3,10.6
14.5,27.0,23.52,0.2,3.0,0.0,1,27.0,87,14,2024-01-12,00:00:00,16.5,18.3,29.6,17.0,20.1,34.0,11.7
12.5,24.0,7.0,0.35,4.0,0.0,2,26.0,89,351,2024-01-12,01:00:00,15.9,28.6,37.9,34.6,19.7,52.1,27.8
15.1,28.0,4.0,0.35,5.0,0.0,1,26.0,93,334,2024-01-12,02:00:00,19.2,28.9,38.0,23.0,19.9,44.7,27.9
18.8,35.0,2.0,0.44,5.0,0.0,1,25.0,95,343,2024-01-12,03:00:00,22.8,22.5,29.1,18.2,15.7,32.4,26.6
17.6,34.0,5.0,0.3,4.0,0.0,2,25.0,94,346,2024-01-12,04:00:00,24.2,18.9,22.9,16.3,14.2,24.4,21.2
21.9,40.0,7.0,0.25,4.0,0.0,1,26.0,92,359,2024-01-12,05:00:00,25.8,15.5,20.9,13.7,13.0,27.3,17.1
19.3,35.0,5.0,0.26,3.0,0.0,1,26.0,93,3,2024-01-12,06:00:00,24.0,19.9,22.7,12.9,19.3,23.5,14.5
18.9,36.0,5.0,0.3,5.0,0.0,1,26.0,92,30,2024-01-12,07:00:00,21.8,18.6,24.1,11.7,20.1,27.3,15.3
25.9,48.0,10.0,0.2,3.0,0.0,2,29.0,82,26,2024-01-12,08:00:00,31.5,21.6,27.4,10.9,24.4,31.1,23.3
28.7,56.0,14.0,0.05,1.0,0.0,4,31.0,72,41,2024-01-12,09:00:00,33.3,23.5,26.8,11.9,24.4,28.9,18.7
22.0,44.0,18.0,0.05,1.0,0.0,4,33.0,67,43,2024-01-12,10:00:00,26.6,22.7,25.7,14.7,24.2,25.6,23.2
17.5,36.0,25.0,0.06,1.0,0.0,4,34.0,62,65,2024-01-12,11:00:00,20.6,24.2,29.3,15.0,25.1,29.1,24.1
14.6,29.0,31.0,0.07,1.0,0.0,5,35.0,57,61,2024-01-12,12:00:00,19.6,24.9,30.7,17.6,21.7,28.3,25.2
12.9,25.0,34.0,0.07,1.0,0.0,4,35.0,56,61,2024-01-12,13:00:00,18.4,25.5,27.8,20.8,31.5,27.8,27.5
11.5,22.0,34.0,0.09,1.0,0.0,4,36.0,56,60,2024-01-12,14:00:00,18.3,30.1,29.8,23.6,22.6,29.8,25.4
16.1,30.0,33.0,0.08,2.0,0.0,4,35.0,58,66,2024-01-12,15:00:00,19.0,26.2,22.7,17.5,16.8,22.0,29.4
15.1,28.0,30.0,0.12,2.0,0.0,4,33.0,62,68,2024-01-12,16:00:00,16.4,20.3,18.4,13.6,13.0,16.9,23.5
13.2,24.0,28.0,0.21,3.0,1.0,3,32.0,67,61,2024-01-12,17:00:00,13.7,19.5,14.8,10.0,12.1,13.8,19.7
17.1,32.0,27.0,0.23,3.0,0.0,4,30.0,72,54,2024-01-12,18:00:00,11.5,18.6,12.4,8.4,12.4,12.1,19.7
21.7,39.0,27.0,0.21,2.0,0.0,3,29.0,75,44,2024-01-12,19:00:00,18.3,17.8,19.3,7.1,16.7,11.2,15.4
25.2,44.0,24.0,0.22,2.0,0.0,2,29.0,79,12,2024-01-12,20:00:00,28.6,17.4,15.2,6.8,14.8,12.0,16.6
25.1,43.0,20.0,0.24,2.17,0.0,2,28.0,82,349,2024-01-12,21:00:00,28.9,17.2,14.5,8.1,16.3,9.9,17.0
20.7,36.0,20.0,0.2,3.0,0.15,1,27.0,85,11,2024-01-12,22:00:00,22.5,15.5,12.7,12.7,16.2,10.6,20.9
19.6,30.0,23.52,0.24,2.0,0.0,1,27.0,86,61,2024-01-12,23:00:00,18.9,18.8,12.2,15.8,25.3,11.7,14.3
16.5,28.0,15.0,0.24,7.0,0.0,1,27.0,88,339,2024-01-13,00:00:00,15.5,29.6,17.0,20.1,34.0,27.8,18.1
15.9,28.0,22.0,0.27,2.0,0.0,2,26.0,90,13,2024-01-13,01:00:00,19.9,37.9,34.6,19.7,52.1,27.9,28.6
19.2,31.0,25.0,0.25,2.0,0.0,1,26.0,89,360,2024-01-13,02:00:00,18.6,38.0,23.0,19.9,44.7,26.6,28.3
22.8,38.0,19.0,0.29,3.0,0.0,1,26.0,91,0,2024-01-13,03:00:00,21.6,29.1,18.2,15.7,32.4,21.2,28.4
24.2,41.0,29.0,0.26,1.0,0.0,2,26.0,90,20,2024-01-13,04:00:00,23.5,22.9,16.3,14.2,24.4,17.1,22.0
25.8,42.0,26.0,0.26,2.0,0.0,1,26.0,90,79,2024-01-13,05:00:00,22.7,20.9,13.7,13.0,27.3,14.5,18.7
24.0,42.0,13.0,0.34,7.0,0.0,1,25.0,93,315,2024-01-13,06:00:00,24.2,22.7,12.9,19.3,23.5,15.3,16.4
21.8,41.0,8.0,0.58,7.0,0.0,1,25.0,95,291,2024-01-13,07:00:00,24.9,24.1,11.7,20.1,27.3,23.3,14.5
31.5,55.0,12.0,0.43,9.0,0.0,1,27.0,88,333,2024-01-13,08:00:00,25.5,27.4,10.9,24.4,31.1,18.7,13.5
33.3,55.0,25.0,0.32,5.0,0.0,0,30.0,77,148,2024-01-13,09:00:00,30.1,26.8,11.9,24.4,28.9,23.2,14.4
26.6,43.0,39.0,0.26,2.0,0.0,2,33.0,63,75,2024-01-13,10:00:00,26.2,25.7,14.7,24.2,25.6,24.1,18.5
20.6,37.0,40.0,0.21,1.0,0.0,4,34.0,56,71,2024-01-13,11:00:00,20.3,29.3,15.0,25.1,29.1,25.2,18.1
19.6,35.0,41.0,0.22,1.0,0.0,4,35.0,55,70,2024-01-13,12:00:00,19.5,30.7,17.6,21.7,28.3,27.5,20.9
18.4,34.0,43.0,0.21,1.0,0.0,5,36.0,51,60,2024-01-13,13:00:00,18.6,27.8,20.8,31.5,27.8,25.4,19.4
18.3,35.0,44.0,0.23,1.0,0.0,5,35.0,50,66,2024-01-13,14:00:00,17.8,29.8,23.6,22.6,29.8,29.4,30.3
19.0,35.0,44.0,0.21,1.0,0.0,5,35.0,51,69,2024-01-13,15:00:00,17.4,22.7,17.5,16.8,22.0,23.5,35.1
16.4,29.0,42.0,0.16,2.0,1.0,4,34.0,52,67,2024-01-13,16:00:00,17.2,18.4,13.6,13.0,16.9,19.7,25.8
13.7,25.0,39.0,0.05,2.0,1.0,5,32.0,56,54,2024-01-13,17:00:00,15.5,14.8,10.0,12.1,13.8,19.7,20.7
11.5,22.0,35.0,0.05,2.0,0.0,5,30.0,64,47,2024-01-13,18:00:00,18.8,12.4,8.4,12.4,12.1,15.4,18.7
18.3,32.0,32.0,0.06,2.0,0.0,3,29.0,71,45,2024-01-13,19:00:00,29.6,19.3,7.1,16.7,11.2,16.6,21.3
28.6,51.0,30.0,0.06,2.17,0.0,3,28.0,76,35,2024-01-13,20:00:00,37.9,15.2,6.8,14.8,12.0,17.0,19.0
28.9,51.0,28.0,0.2,1.0,0.15,2,27.0,78,16,2024-01-13,21:00:00,38.0,14.5,8.1,16.3,9.9,20.9,17.9
22.5,40.0,23.52,0.05,1.0,0.0,2,27.0,81,14,2024-01-13,22:00:00,29.1,12.7,12.7,16.2,10.6,14.3,17.0
18.9,32.0,25.0,0.05,1.0,0.0,2,27.0,81,13,2024-01-13,23:00:00,22.9,12.2,15.8,25.3,11.7,18.1,18.5
15.5,27.0,27.0,0.1,1.0,0.0,3,27.0,81,30,2024-01-14,00:00:00,20.9,17.0,20.1,34.0,27.8,28.6,18.6
19.9,34.0,23.0,0.22,2.0,0.0,2,26.0,84,344,2024-01-14,01:00:00,22.7,34.6,19.7,52.1,27.9,28.3,22.6
18.6,31.0,26.0,0.21,1.0,0.0,2,26.0,85,27,2024-01-14,02:00:00,24.1,23.0,19.9,44.7,26.6,28.4,27.2
21.6,37.0,29.0,0.23,1.0,0.0,3,26.0,85,29,2024-01-14,03:00:00,27.4,18.2,15.7,32.4,21.2,22.0,32.6
23.5,41.0,28.0,0.22,1.0,0.0,2,26.0,86,13,2024-01-14,04:00:00,26.8,16.3,14.2,24.4,17.1,18.7,26.4
22.7,38.0,25.0,0.24,2.0,0.0,1,25.0,87,344,2024-01-14,05:00:00,25.7,13.7,13.0,27.3,14.5,16.4,20.5
24.2,42.0,14.0,0.33,4.0,0.0,1,24.0,92,251,2024-01-14,06:00:00,29.3,12.9,19.3,23.5,15.3,14.5,17.8
24.9,44.0,11.0,0.36,4.0,0.0,1,25.0,92,245,2024-01-14,07:00:00,30.7,11.7,20.1,27.3,23.3,13.5,19.6
25.5,45.0,28.0,0.3,2.0,0.0,2,29.0,79,35,2024-01-14,08:00:00,27.8,10.9,24.4,31.1,18.7,14.4,19.0
30.1,55.0,37.0,0.23,1.0,0.0,4,32.0,66,62,2024-01-14,09:00:00,29.8,11.9,24.4,28.9,23.2,18.5,24.1
26.2,47.0,38.0,0.22,1.0,0.0,4,33.0,62,67,2024-01-14,10:00:00,22.7,14.7,24.2,25.6,24.1,18.1,19.3
20.3,38.0,41.0,0.22,1.0,0.0,5,34.0,59,64,2024-01-14,11:00:00,18.4,15.0,25.1,29.1,25.2,20.9,24.9
19.5,37.0,43.0,0.21,1.0,0.0,5,35.0,55,65,2024-01-14,12:00:00,14.8,17.6,21.7,28.3,27.5,19.4,21.8
18.6,36.0,46.0,0.22,1.0,0.0,6,34.0,53,71,2024-01-14,13:00:00,12.4,20.8,31.5,27.8,25.4,30.3,24.9
17.8,32.0,47.0,0.2,1.0,1.0,5,35.0,51,65,2024-01-14,14:00:00,19.3,23.6,22.6,29.8,29.4,35.1,30.0
17.4,32.0,49.0,0.22,1.0,0.0,5,35.0,51,61,2024-01-14,15:00:00,15.2,17.5,16.8,22.0,23.5,25.8,33.9
17.2,31.0,49.0,0.23,1.0,1.0,5,33.0,54,66,2024-01-14,16:00:00,14.5,13.6,13.0,16.9,19.7,20.7,24.5
15.5,27.0,47.0,0.24,1.0,1.0,5,32.0,60,51,2024-01-14,17:00:00,12.7,10.0,12.1,13.8,19.7,18.7,21.0
18.8,31.0,43.0,0.26,2.0,0.0,3,30.0,67,63,2024-01-14,18:00:00,12.2,8.4,12.4,12.1,15.4,21.3,17.8
29.6,50.0,39.0,0.24,2.17,0.0,3,29.0,73,43,2024-01-14,19:00:00,17.0,7.1,16.7,11.2,16.6,19.0,16.3
37.9,66.0,36.0,0.2,2.0,0.15,3,28.0,77,32,2024-01-14,20:00:00,34.6,6.8,14.8,12.0,17.0,17.9,15.1
38.0,66.0,23.52,0.23,1.0,0.0,3,28.0,78,23,2024-01-14,21:00:00,23.0,8.1,16.3,9.9,20.9,17.0,12.4
29.1,51.0,35.0,0.22,1.0,0.0,3,27.0,80,19,2024-01-14,22:00:00,18.2,12.7,16.2,10.6,14.3,18.5,13.6
22.9,40.0,33.0,0.22,1.0,0.0,3,27.0,81,28,2024-01-14,23:00:00,16.3,15.8,25.3,11.7,18.1,18.6,17.7
20.9,37.0,33.0,0.2,1.0,0.0,3,27.0,81,25,2024-01-15,00:00:00,13.7,20.1,34.0,27.8,28.6,22.6,20.5
22.7,39.0,33.0,0.21,1.0,0.0,3,27.0,82,25,2024-01-15,01:00:00,12.9,19.7,52.1,27.9,28.3,27.2,21.9
24.1,40.0,34.0,0.21,1.0,0.0,2,27.0,84,3,2024-01-15,02:00:00,11.7,19.9,44.7,26.6,28.4,32.6,23.5
27.4,48.0,31.0,0.21,2.0,0.0,3,26.0,86,356,2024-01-15,03:00:00,10.9,15.7,32.4,21.2,22.0,26.4,22.1
26.8,47.0,33.0,0.21,1.0,0.0,3,26.0,86,11,2024-01-15,04:00:00,11.9,14.2,24.4,17.1,18.7,20.5,18.7
25.7,43.0,31.0,0.23,2.0,0.0,2,26.0,87,348,2024-01-15,05:00:00,14.7,13.0,27.3,14.5,16.4,17.8,15.6
29.3,51.0,25.0,0.24,6.0,0.0,2,26.0,89,342,2024-01-15,06:00:00,15.0,19.3,23.5,15.3,14.5,19.6,15.6
30.7,54.0,20.0,0.31,7.0,0.0,1,26.0,87,353,2024-01-15,07:00:00,17.6,20.1,27.3,23.3,13.5,19.0,14.1
27.8,50.0,27.0,0.28,3.0,0.0,3,30.0,76,34,2024-01-15,08:00:00,20.8,24.4,31.1,18.7,14.4,24.1,14.5
29.8,55.0,32.0,0.21,1.0,0.0,4,32.0,66,49,2024-01-15,09:00:00,23.6,24.4,28.9,23.2,18.5,19.3,21.1
22.7,43.0,32.0,0.2,1.0,0.0,4,33.0,62,59,2024-01-15,10:00:00,17.5,24.2,25.6,24.1,18.1,24.9,22.8
18.4,34.0,33.0,0.2,1.0,0.0,4,34.0,61,65,2024-01-15,11:00:00,13.6,25.1,29.1,25.2,20.9,21.8,20.7
14.8,30.0,32.0,0.19,1.0,0.0,5,34.0,58,77,2024-01-15,12:00:00,10.0,21.7,28.3,27.5,19.4,24.9,21.0
12.4,26.0,34.0,0.2,1.0,0.0,5,34.0,60,83,2024-01-15,13:00:00,8.4,31.5,27.8,25.4,30.3,30.0,25.2
19.3,37.0,36.0,0.21,1.0,0.0,5,34.0,58,63,2024-01-15,14:00:00,7.1,22.6,29.8,29.4,35.1,33.9,27.3
15.2,31.0,36.0,0.2,1.0,0.0,6,34.0,57,53,2024-01-15,15:00:00,6.8,16.8,22.0,23.5,25.8,24.5,32.1
14.5,27.0,36.0,0.21,2.0,1.0,4,33.0,61,60,2024-01-15,16:00:00,8.1,13.0,16.9,19.7,20.7,21.0,34.7
12.7,24.0,35.0,0.23,2.0,1.0,4,32.0,66,49,2024-01-15,17:00:00,12.7,12.1,13.8,19.7,18.7,17.8,22.3
12.2,22.0,35.0,0.25,2.17,0.0,4,30.0,70,47,2024-01-15,18:00:00,15.8,12.4,12.1,15.4,21.3,16.3,23.0
17.0,27.0,36.0,0.2,2.0,0.15,2,29.0,74,43,2024-01-15,19:00:00,20.1,16.7,11.2,16.6,19.0,15.1,33.0
34.6,41.0,23.52,0.26,1.0,0.0,3,29.0,76,44,2024-01-15,20:00:00,19.7,14.8,12.0,17.0,17.9,12.4,16.5
23.0,39.0,32.0,0.26,2.0,0.0,3,28.0,79,48,2024-01-15,21:00:00,19.9,16.3,9.9,20.9,17.0,13.6,19.3
18.2,32.0,36.0,0.24,1.0,0.0,4,27.0,82,25,2024-01-15,22:00:00,15.7,16.2,10.6,14.3,18.5,17.7,15.0
16.3,27.0,35.0,0.24,1.0,0.0,3,27.0,83,9,2024-01-15,23:00:00,14.2,25.3,11.7,18.1,18.6,20.5,13.6
13.7,23.0,31.0,0.25,2.0,0.0,3,26.0,85,351,2024-01-16,00:00:00,13.0,34.0,27.8,28.6,22.6,21.9,12.3
12.9,21.0,28.0,0.34,2.0,0.0,2,26.0,89,342,2024-01-16,01:00:00,19.3,52.1,27.9,28.3,27.2,23.5,9.6
11.7,19.0,22.0,0.55,4.0,0.0,2,25.0,91,336,2024-01-16,02:00:00,20.1,44.7,26.6,28.4,32.6,22.1,10.5
10.9,18.0,19.0,0.39,3.0,0.0,2,25.0,93,333,2024-01-16,03:00:00,24.4,32.4,21.2,22.0,26.4,18.7,9.6
11.9,20.0,17.0,0.42,4.0,0.0,2,25.0,93,351,2024-01-16,04:00:00,24.4,24.4,17.1,18.7,20.5,15.6,8.2
14.7,27.0,15.0,0.32,5.0,0.0,2,25.0,94,346,2024-01-16,05:00:00,24.2,27.3,14.5,16.4,17.8,15.6,7.9
15.0,27.0,15.0,0.31,6.0,0.0,2,25.0,93,349,2024-01-16,06:00:00,25.1,23.5,15.3,14.5,19.6,14.1,8.4
17.6,33.0,10.0,0.46,9.0,0.0,2,26.0,92,341,2024-01-16,07:00:00,21.7,27.3,23.3,13.5,19.0,14.5,7.5
20.8,36.0,28.0,0.36,5.0,0.0,2,29.0,81,28,2024-01-16,08:00:00,31.5,31.1,18.7,14.4,24.1,21.1,8.8
23.6,43.0,43.0,0.33,1.0,0.0,5,32.0,70,53,2024-01-16,09:00:00,22.6,28.9,23.2,18.5,19.3,22.8,8.9
17.5,35.0,41.0,0.3,1.0,0.0,6,33.0,65,56,2024-01-16,10:00:00,16.8,25.6,24.1,18.1,24.9,20.7,8.7
13.6,29.0,35.0,0.26,1.0,0.0,6,34.0,63,61,2024-01-16,11:00:00,13.0,29.1,25.2,20.9,21.8,21.0,8.3
10.0,25.0,31.0,0.24,1.0,0.0,7,32.0,66,56,2024-01-16,12:00:00,12.1,28.3,27.5,19.4,24.9,25.2,7.9
8.4,22.0,27.0,0.22,1.0,0.0,6,33.0,65,62,2024-01-16,13:00:00,12.4,27.8,25.4,30.3,30.0,27.3,7.3
7.1,20.0,25.0,0.22,1.0,0.0,6,34.0,63,57,2024-01-16,14:00:00,16.7,29.8,29.4,35.1,33.9,32.1,7.1
6.8,19.0,23.0,0.21,1.0,0.0,6,33.0,66,62,2024-01-16,15:00:00,14.8,22.0,23.5,25.8,24.5,34.7,6.1
8.1,18.0,22.0,0.18,2.0,0.0,4,31.0,74,68,2024-01-16,16:00:00,16.3,16.9,19.7,20.7,21.0,22.3,6.3
12.7,28.0,23.0,0.17,2.17,0.0,5,30.0,76,51,2024-01-16,17:00:00,16.2,13.8,19.7,18.7,17.8,23.0,5.2
15.8,33.0,24.0,0.2,2.0,0.15,5,30.0,77,56,2024-01-16,18:00:00,25.3,12.1,15.4,21.3,16.3,33.0,16.8
20.1,34.0,23.52,0.19,2.0,0.0,4,29.0,78,64,2024-01-16,19:00:00,34.0,11.2,16.6,19.0,15.1,16.5,6.1
19.7,35.0,28.0,0.18,1.0,0.0,3,29.0,79,44,2024-01-16,20:00:00,52.1,12.0,17.0,17.9,12.4,19.3,6.4
19.9,35.0,29.0,0.18,1.0,0.0,3,29.0,80,42,2024-01-16,21:00:00,44.7,9.9,20.9,17.0,13.6,15.0,6.4
15.7,29.0,30.0,0.18,1.0,0.0,4,29.0,81,46,2024-01-16,22:00:00,32.4,10.6,14.3,18.5,17.7,13.6,7.6
14.2,25.0,33.0,0.19,1.0,1.0,3,29.0,81,41,2024-01-16,23:00:00,24.4,11.7,18.1,18.6,20.5,12.3,9.2
13.0,22.0,41.0,0.2,1.0,0.0,4,29.0,81,43,2024-01-17,00:00:00,27.3,27.8,28.6,22.6,21.9,9.6,8.2
19.3,31.0,40.0,0.23,1.0,0.0,2,29.0,82,43,2024-01-17,01:00:00,23.5,27.9,28.3,27.2,23.5,10.5,8.4
20.1,34.0,39.0,0.24,1.0,0.0,3,28.0,82,37,2024-01-17,02:00:00,27.3,26.6,28.4,32.6,22.1,9.6,9.2
24.4,42.0,42.0,0.23,1.0,0.0,4,28.0,82,46,2024-01-17,03:00:00,31.1,21.2,22.0,26.4,18.7,8.2,7.9
24.4,43.0,45.0,0.25,1.0,0.0,4,28.0,81,54,2024-01-17,04:00:00,28.9,17.1,18.7,20.5,15.6,7.9,8.2
24.2,44.0,36.0,0.21,1.0,0.0,4,28.0,81,52,2024-01-17,05:00:00,25.6,14.5,16.4,17.8,15.6,8.4,7.4
25.1,46.0,28.0,0.19,1.0,0.0,3,28.0,80,47,2024-01-17,06:00:00,29.1,15.3,14.5,19.6,14.1,7.5,9.0
21.7,43.0,25.0,0.18,2.0,0.0,4,29.0,79,51,2024-01-17,07:00:00,28.3,23.3,13.5,19.0,14.5,8.8,7.8
31.5,63.0,24.0,0.18,1.0,0.0,5,30.0,73,55,2024-01-17,08:00:00,27.8,18.7,14.4,24.1,21.1,8.9,7.5
22.6,48.0,25.0,0.19,1.0,0.0,6,32.0,68,56,2024-01-17,09:00:00,29.8,23.2,18.5,19.3,22.8,8.7,8.3
16.8,39.0,26.0,0.18,1.0,0.0,6,32.0,65,66,2024-01-17,10:00:00,22.0,24.1,18.1,24.9,20.7,8.3,8.7
13.0,32.0,28.0,0.19,1.0,0.0,7,33.0,60,64,2024-01-17,11:00:00,16.9,25.2,20.9,21.8,21.0,7.9,8.7
12.1,27.0,30.0,0.19,1.0,0.0,6,34.0,60,62,2024-01-17,12:00:00,13.8,27.5,19.4,24.9,25.2,7.3,9.7
12.4,26.0,30.0,0.19,1.0,0.0,5,34.0,60,74,2024-01-17,13:00:00,12.1,25.4,30.3,30.0,27.3,7.1,8.9
16.7,34.0,32.0,0.2,1.0,0.0,5,33.0,61,79,2024-01-17,14:00:00,11.2,29.4,35.1,33.9,32.1,6.1,12.1
14.8,29.0,32.0,0.22,1.0,0.0,5,33.0,61,65,2024-01-17,15:00:00,12.0,23.5,25.8,24.5,34.7,6.3,14.4
16.3,32.0,31.0,0.22,2.17,0.0,4,33.0,62,71,2024-01-17,16:00:00,9.9,19.7,20.7,21.0,22.3,5.2,12.8
16.2,39.0,32.0,0.2,2.0,0.15,4,32.0,66,70,2024-01-17,17:00:00,10.6,19.7,18.7,17.8,23.0,16.8,17.8
25.3,55.0,23.52,0.28,3.0,0.0,3,30.0,71,74,2024-01-17,18:00:00,11.7,15.4,21.3,16.3,33.0,6.1,7.9
34.0,59.0,35.0,0.27,2.0,0.0,3,29.0,75,68,2024-01-17,19:00:00,27.8,16.6,19.0,15.1,16.5,6.4,6.6
52.1,93.0,33.0,0.24,2.0,0.0,3,29.0,78,55,2024-01-17,20:00:00,27.9,17.0,17.9,12.4,19.3,6.4,6.1
44.7,79.0,30.0,0.23,2.0,0.0,3,28.0,81,51,2024-01-17,21:00:00,26.6,20.9,17.0,13.6,15.0,7.6,6.6
32.4,57.0,28.0,0.22,1.0,0.0,2,28.0,82,20,2024-01-17,22:00:00,21.2,14.3,18.5,17.7,13.6,9.2,6.3
24.4,43.0,28.0,0.22,2.0,0.0,3,28.0,84,18,2024-01-17,23:00:00,17.1,18.1,18.6,20.5,12.3,8.2,6.0
27.3,48.0,27.0,0.18,1.0,0.0,2,28.0,83,38,2024-01-18,00:00:00,14.5,28.6,22.6,21.9,9.6,8.4,7.9
23.5,41.0,25.0,0.09,1.0,0.0,2,28.0,84,29,2024-01-18,01:00:00,15.3,28.3,27.2,23.5,10.5,9.2,30.8
27.3,47.0,24.0,0.1,1.0,0.0,2,27.0,85,1,2024-01-18,02:00:00,23.3,28.4,32.6,22.1,9.6,7.9,26.4
31.1,55.0,23.0,0.12,1.0,0.0,2,27.0,86,13,2024-01-18,03:00:00,18.7,22.0,26.4,18.7,8.2,8.2,20.9
28.9,50.0,19.0,0.11,3.0,0.0,1,26.0,88,342,2024-01-18,04:00:00,23.2,18.7,20.5,15.6,7.9,7.4,16.6
25.6,46.0,19.0,0.1,2.0,0.0,2,26.0,90,1,2024-01-18,05:00:00,24.1,16.4,17.8,15.6,8.4,9.0,13.3
29.1,52.0,14.0,0.2,4.0,0.0,1,26.0,90,339,2024-01-18,06:00:00,25.2,14.5,19.6,14.1,7.5,7.8,11.8
28.3,52.0,9.0,0.28,8.0,0.0,1,26.0,90,355,2024-01-18,07:00:00,27.5,13.5,19.0,14.5,8.8,7.5,12.3
27.8,51.0,21.0,0.15,3.0,0.0,3,29.0,79,46,2024-01-18,08:00:00,25.4,14.4,24.1,21.1,8.9,8.3,16.3
29.8,56.0,27.0,0.18,2.0,0.0,4,32.0,71,59,2024-01-18,09:00:00,29.4,18.5,19.3,22.8,8.7,8.7,16.9
22.0,44.0,28.0,0.18,1.0,0.0,5,33.0,66,54,2024-01-18,10:00:00,23.5,18.1,24.9,20.7,8.3,8.7,17.6
16.9,36.0,29.0,0.17,1.0,0.0,6,32.0,66,74,2024-01-18,11:00:00,19.7,20.9,21.8,21.0,7.9,9.7,14.9
13.8,30.0,30.0,0.15,1.0,0.0,6,34.0,61,65,2024-01-18,12:00:00,19.7,19.4,24.9,25.2,7.3,8.9,18.4
12.1,26.0,28.0,0.16,1.0,0.0,5,33.0,63,57,2024-01-18,13:00:00,15.4,30.3,30.0,27.3,7.1,12.1,14.2
11.2,24.0,26.0,0.17,1.0,0.0,4,34.0,64,49,2024-01-18,14:00:00,16.6,35.1,33.9,32.1,6.1,14.4,13.1
12.0,24.0,26.0,0.16,2.17,0.0,4,33.0,63,54,2024-01-18,15:00:00,17.0,25.8,24.5,34.7,6.3,12.8,14.8
9.9,22.0,26.0,0.2,2.0,0.15,5,33.0,64,48,2024-01-18,16:00:00,20.9,20.7,21.0,22.3,5.2,17.8,15.4
10.6,20.0,23.52,0.18,2.0,0.0,5,31.0,67,49,2024-01-18,17:00:00,14.3,18.7,17.8,23.0,16.8,7.9,10.5
11.7,24.0,24.0,0.19,2.0,0.0,4,30.0,72,45,2024-01-18,18:00:00,18.1,21.3,16.3,33.0,6.1,6.6,10.1
27.8,52.0,22.0,0.19,2.0,0.0,3,30.0,76,45,2024-01-18,19:00:00,28.6,19.0,15.1,16.5,6.4,6.1,8.4
27.9,50.0,22.0,0.18,2.0,0.0,2,29.0,78,46,2024-01-18,20:00:00,28.3,17.9,12.4,19.3,6.4,6.6,6.1
26.6,46.0,21.0,0.18,2.0,0.0,1,29.0,80,47,2024-01-18,21:00:00,28.4,17.0,13.6,15.0,7.6,6.3,5.8
21.2,37.0,23.0,0.17,2.0,0.0,2,28.0,82,32,2024-01-18,22:00:00,22.0,18.5,17.7,13.6,9.2,6.0,5.5
17.1,30.0,19.0,0.17,2.0,0.0,2,28.0,85,0,2024-01-18,23:00:00,18.7,18.6,20.5,12.3,8.2,7.9,5.8
14.5,26.0,19.0,0.16,2.0,0.0,2,27.0,86,23,2024-01-19,00:00:00,16.4,22.6,21.9,9.6,8.4,30.8,7.8
15.3,26.0,20.0,0.17,1.0,0.0,2,27.0,86,22,2024-01-19,01:00:00,14.5,27.2,23.5,10.5,9.2,26.4,10.2
23.3,40.0,21.0,0.17,1.0,0.0,2,27.0,86,358,2024-01-19,02:00:00,13.5,32.6,22.1,9.6,7.9,20.9,11.4
18.7,34.0,22.0,0.17,1.0,0.0,3,27.0,87,40,2024-01-19,03:00:00,14.4,26.4,18.7,8.2,8.2,16.6,15.5
23.2,41.0,23.0,0.19,1.0,0.0,2,27.0,87,37,2024-01-19,04:00:00,18.5,20.5,15.6,7.9,7.4,13.3,13.8
24.1,42.0,19.0,0.21,3.0,0.0,2,27.0,88,344,2024-01-19,05:00:00,18.1,17.8,15.6,8.4,9.0,11.8,11.1
25.2,48.0,5.0,0.47,6.0,0.0,2,26.0,94,336,2024-01-19,06:00:00,20.9,19.6,14.1,7.5,7.8,12.3,11.9
27.5,53.0,4.0,0.33,8.0,0.0,2,26.0,93,345,2024-01-19,07:00:00,19.4,19.0,14.5,8.8,7.5,16.3,14.7
25.4,48.0,12.0,0.31,7.0,0.0,3,28.0,86,354,2024-01-19,08:00:00,30.3,24.1,21.1,8.9,8.3,16.9,18.6
29.4,56.0,30.0,0.23,2.0,0.0,5,31.0,74,38,2024-01-19,09:00:00,35.1,19.3,22.8,8.7,8.7,17.6,20.1
23.5,45.0,35.0,0.23,1.0,0.0,5,32.0,69,51,2024-01-19,10:00:00,25.8,24.9,20.7,8.3,8.7,14.9,20.9
19.7,36.0,34.0,0.25,2.0,0.0,4,33.0,68,41,2024-01-19,11:00:00,20.7,21.8,21.0,7.9,9.7,18.4,23.7
19.7,38.0,35.0,0.22,1.0,0.0,5,34.0,61,63,2024-01-19,12:00:00,18.7,24.9,25.2,7.3,8.9,14.2,24.6
15.4,32.0,39.0,0.21,1.0,0.0,6,34.0,59,69,2024-01-19,13:00:00,21.3,30.0,27.3,7.1,12.1,13.1,21.3
16.6,31.0,40.0,0.22,2.17,0.0,5,35.0,57,67,2024-01-19,14:00:00,19.0,33.9,32.1,6.1,14.4,14.8,20.9
17.0,32.0,41.0,0.2,2.0,0.15,5,35.0,56,67,2024-01-19,15:00:00,17.9,24.5,34.7,6.3,12.8,15.4,21.4
20.9,30.0,23.52,0.23,2.0,0.0,4,34.0,59,57,2024-01-19,16:00:00,17.0,21.0,22.3,5.2,17.8,10.5,11.0
14.3,26.0,36.0,0.2,2.0,0.0,4,32.0,63,55,2024-01-19,17:00:00,18.5,17.8,23.0,16.8,7.9,10.1,9.1
18.1,31.0,32.0,0.21,3.0,0.0,3,31.0,70,45,2024-01-19,18:00:00,18.6,16.3,33.0,6.1,6.6,8.4,7.9
28.6,51.0,28.0,0.19,2.0,0.0,3,30.0,76,43,2024-01-19,19:00:00,22.6,15.1,16.5,6.4,6.1,6.1,8.6
28.3,51.0,26.0,0.17,2.0,0.0,3,29.0,80,29,2024-01-19,20:00:00,27.2,12.4,19.3,6.4,6.6,5.8,8.1
28.4,50.0,28.0,0.17,2.0,0.0,2,28.0,83,19,2024-01-19,21:00:00,32.6,13.6,15.0,7.6,6.3,5.5,8.1
22.0,40.0,27.0,0.17,2.0,0.0,3,28.0,83,17,2024-01-19,22:00:00,26.4,17.7,13.6,9.2,6.0,5.8,8.0
18.7,32.0,28.0,0.17,1.0,0.0,2,28.0,84,13,2024-01-19,23:00:00,20.5,20.5,12.3,8.2,7.9,7.8,11.4
16.4,27.0,27.0,0.16,1.0,0.0,2,27.0,84,9,2024-01-20,00:00:00,17.8,21.9,9.6,8.4,30.8,10.2,11.0
14.5,23.0,24.0,0.15,3.0,0.0,2,27.0,87,351,2024-01-20,01:00:00,19.6,23.5,10.5,9.2,26.4,11.4,37.5
13.5,21.0,20.0,0.18,3.0,0.0,1,26.0,89,321,2024-01-20,02:00:00,19.0,22.1,9.6,7.9,20.9,15.5,37.1
14.4,24.0,12.0,0.49,5.0,0.0,0,26.0,92,331,2024-01-20,03:00:00,24.1,18.7,8.2,8.2,16.6,13.8,37.6
18.5,33.0,5.0,0.42,8.0,0.0,1,25.0,94,295,2024-01-20,04:00:00,19.3,15.6,7.9,7.4,13.3,11.1,27.4
18.1,31.0,6.0,0.42,7.0,0.0,0,25.0,95,264,2024-01-20,05:00:00,24.9,15.6,8.4,9.0,11.8,11.9,20.6
20.9,39.0,2.0,0.36,8.0,0.0,1,25.0,96,271,2024-01-20,06:00:00,21.8,14.1,7.5,7.8,12.3,14.7,26.5
19.4,35.0,2.0,0.32,6.0,0.0,0,25.0,95,339,2024-01-20,07:00:00,24.9,14.5,8.8,7.5,16.3,18.6,27.1
30.3,54.0,10.0,0.34,5.0,0.0,1,28.0,86,329,2024-01-20,08:00:00,30.0,21.1,8.9,8.3,16.9,20.1,27.7
35.1,59.0,26.0,0.24,3.0,0.0,1,33.0,66,39,2024-01-20,09:00:00,33.9,22.8,8.7,8.7,17.6,20.9,29.8
25.8,46.0,29.0,0.19,2.0,0.0,3,34.0,60,58,2024-01-20,10:00:00,24.5,20.7,8.3,8.7,14.9,23.7,29.4
20.7,37.0,36.0,0.19,1.0,0.0,4,35.0,54,63,2024-01-20,11:00:00,21.0,21.0,7.9,9.7,18.4,24.6,30.6
18.7,31.0,40.0,0.2,1.0,0.0,3,36.0,53,68,2024-01-20,12:00:00,17.8,25.2,7.3,8.9,14.2,21.3,27.3
21.3,35.0,39.0,0.2,2.17,0.0,2,36.0,52,55,2024-01-20,13:00:00,16.3,27.3,7.1,12.1,13.1,20.9,29.4
19.0,32.0,43.0,0.2,2.0,0.15,3,36.0,51,51,2024-01-20,14:00:00,15.1,32.1,6.1,14.4,14.8,21.4,41.0
17.9,29.0,23.52,0.26,2.0,0.0,3,35.0,52,62,2024-01-20,15:00:00,12.4,34.7,6.3,12.8,15.4,11.0,22.3
17.0,27.0,46.0,0.24,2.0,0.0,3,35.0,53,67,2024-01-20,16:00:00,13.6,22.3,5.2,17.8,10.5,9.1,17.9
18.5,30.0,44.0,0.26,3.0,1.0,3,33.0,58,70,2024-01-20,17:00:00,17.7,23.0,16.8,7.9,10.1,7.9,13.4
18.6,30.0,40.0,0.27,3.0,0.0,3,32.0,64,70,2024-01-20,18:00:00,20.5,33.0,6.1,6.6,8.4,8.6,10.5
22.6,37.0,33.0,0.29,4.0,0.0,2,30.0,71,45,2024-01-20,19:00:00,21.9,16.5,6.4,6.1,6.1,8.1,10.6
27.2,46.0,30.0,0.27,4.0,0.0,2,29.0,76,4,2024-01-20,20:00:00,23.5,19.3,6.4,6.6,5.8,8.1,9.3
32.6,56.0,26.0,0.25,3.0,0.0,2,28.0,80,58,2024-01-20,21:00:00,22.1,15.0,7.6,6.3,5.5,8.0,11.3
26.4,45.0,24.0,0.24,4.0,0.0,1,28.0,83,20,2024-01-20,22:00:00,18.7,13.6,9.2,6.0,5.8,11.4,9.3
20.5,36.0,21.0,0.22,4.0,0.0,2,27.0,86,18,2024-01-20,23:00:00,15.6,12.3,8.2,7.9,7.8,11.0,10.2
17.8,30.0,23.0,0.23,2.0,0.0,2,27.0,87,50,2024-01-21,00:00:00,15.6,9.6,8.4,30.8,10.2,37.5,12.0
19.6,32.0,21.0,0.3,2.0,0.0,1,27.0,88,61,2024-01-21,01:00:00,14.1,10.5,9.2,26.4,11.4,37.1,27.3
19.0,33.0,11.0,0.33,4.0,0.0,1,26.0,91,305,2024-01-21,02:00:00,14.5,9.6,7.9,20.9,15.5,37.6,46.8
24.1,43.0,7.0,0.42,4.0,0.0,1,25.0,94,310,2024-01-21,03:00:00,21.1,8.2,8.2,16.6,13.8,27.4,37.5
19.3,35.0,5.0,0.5,5.0,0.0,1,25.0,95,281,2024-01-21,04:00:00,22.8,7.9,7.4,13.3,11.1,20.6,26.7
24.9,45.0,2.0,0.56,5.0,0.0,1,25.0,96,296,2024-01-21,05:00:00,20.7,8.4,9.0,11.8,11.9,26.5,20.7
21.8,39.0,1.0,0.56,5.0,0.0,0,24.0,97,270,2024-01-21,06:00:00,21.0,7.5,7.8,12.3,14.7,27.1,24.6
24.9,46.0,1.0,0.52,5.0,0.0,1,25.0,96,301,2024-01-21,07:00:00,25.2,8.8,7.5,16.3,18.6,27.7,24.8
30.0,54.0,6.0,0.55,5.0,0.0,1,27.0,91,262,2024-01-21,08:00:00,27.3,8.9,8.3,16.9,20.1,29.8,23.4
33.9,59.0,17.0,0.5,5.0,0.0,1,30.0,80,8,2024-01-21,09:00:00,32.1,8.7,8.7,17.6,20.9,29.4,25.5
24.5,46.0,29.0,0.22,1.0,0.0,4,34.0,62,53,2024-01-21,10:00:00,34.7,8.3,8.7,14.9,23.7,30.6,24.8
21.0,37.0,31.0,0.21,1.0,0.0,3,34.0,60,74,2024-01-21,11:00:00,22.3,7.9,9.7,18.4,24.6,27.3,28.2
17.8,30.0,33.0,0.22,2.17,0.0,3,34.0,60,62,2024-01-21,12:00:00,23.0,7.3,8.9,14.2,21.3,29.4,29.2
16.3,26.0,36.0,0.2,1.0,0.15,2,36.0,53,23,2024-01-21,13:00:00,33.0,7.1,12.1,13.1,20.9,41.0,36.4
15.1,25.0,23.52,0.25,2.0,0.0,3,35.0,55,68,2024-01-21,14:00:00,16.5,6.1,14.4,14.8,21.4,22.3,21.1
12.4,23.0,35.0,0.23,1.0,0.0,4,33.0,60,78,2024-01-21,15:00:00,19.3,6.3,12.8,15.4,11.0,17.9,15.7
13.6,25.0,35.0,0.23,2.0,0.0,3,33.0,64,70,2024-01-21,16:00:00,15.0,5.2,17.8,10.5,9.1,13.4,13.5
17.7,29.0,19.0,0.26,7.0,0.0,1,28.0,85,330,2024-01-21,17:00:00,13.6,16.8,7.9,10.1,7.9,10.5,12.2
20.5,37.0,10.0,0.32,10.0,0.0,1,28.0,88,283,2024-01-21,18:00:00,12.3,6.1,6.6,8.4,8.6,10.6,10.6
21.9,38.0,20.0,0.28,5.0,0.0,2,28.0,86,31,2024-01-21,19:00:00,9.6,6.4,6.1,6.1,8.1,9.3,10.4
23.5,40.0,20.0,0.28,5.0,0.0,1,28.0,84,2,2024-01-21,20:00:00,10.5,6.4,6.6,5.8,8.1,11.3,12.8
22.1,39.0,23.0,0.26,3.0,0.0,2,27.0,86,32,2024-01-21,21:00:00,9.6,7.6,6.3,5.5,8.0,9.3,10.6
18.7,32.0,24.0,0.24,2.0,0.0,2,27.0,86,46,2024-01-21,22:00:00,8.2,9.2,6.0,5.8,11.4,10.2,9.4
15.6,28.0,24.0,0.23,1.0,0.0,3,27.0,86,50,2024-01-21,23:00:00,7.9,8.2,7.9,7.8,11.0,12.0,9.5
15.6,24.0,24.0,0.22,2.0,0.0,1,27.0,86,20,2024-01-22,00:00:00,8.4,8.4,30.8,10.2,37.5,27.3,10.0
14.1,23.0,22.0,0.22,2.0,0.0,1,27.0,87,12,2024-01-22,01:00:00,7.5,9.2,26.4,11.4,37.1,46.8,16.4
14.5,25.0,21.0,0.21,3.0,0.0,2,26.0,88,10,2024-01-22,02:00:00,8.8,7.9,20.9,15.5,37.6,37.5,36.2
21.1,35.0,17.0,0.24,5.0,0.0,0,26.0,89,252,2024-01-22,03:00:00,8.9,8.2,16.6,13.8,27.4,26.7,39.3
22.8,41.0,6.0,0.31,8.0,0.0,1,25.0,94,295,2024-01-22,04:00:00,8.7,7.4,13.3,11.1,20.6,20.7,29.8
20.7,37.0,4.0,0.47,7.0,0.0,1,25.0,96,272,2024-01-22,05:00:00,8.3,9.0,11.8,11.9,26.5,24.6,22.6
21.0,38.0,2.0,0.42,7.0,0.0,0,25.0,96,303,2024-01-22,06:00:00,7.9,7.8,12.3,14.7,27.1,24.8,23.6
25.2,47.0,2.0,0.46,10.0,0.0,1,25.0,95,356,2024-01-22,07:00:00,7.3,7.5,16.3,18.6,27.7,23.4,24.7
27.3,49.0,5.0,0.5,11.0,0.0,1,29.0,85,179,2024-01-22,08:00:00,7.1,8.3,16.9,20.1,29.8,25.5,26.6
32.1,57.0,30.0,0.33,3.0,0.0,3,32.0,71,72,2024-01-22,09:00:00,6.1,8.7,17.6,20.9,29.4,24.8,26.5
34.7,48.0,38.0,0.2,3.0,0.15,3,33.0,60,77,2024-01-22,10:00:00,6.3,8.7,14.9,23.7,30.6,28.2,27.0
22.3,41.0,24.0,0.3,2.17,0.0,3,35.0,56,59,2024-01-22,11:00:00,5.2,9.7,18.4,24.6,27.3,29.2,27.0
23.0,42.0,27.0,0.2,1.0,0.15,3,36.0,52,52,2024-01-22,12:00:00,16.8,8.9,14.2,21.3,29.4,36.4,41.5
33.0,41.0,23.52,0.29,2.0,0.0,3,37.0,51,64,2024-01-22,13:00:00,6.1,12.1,13.1,20.9,41.0,21.1,30.4
16.5,34.0,25.0,0.29,2.0,0.0,5,34.0,58,58,2024-01-22,14:00:00,6.4,14.4,14.8,21.4,22.3,15.7,28.4
19.3,42.0,19.0,0.25,2.0,0.0,5,33.0,63,64,2024-01-22,15:00:00,6.4,12.8,15.4,11.0,17.9,13.5,23.5
15.0,34.0,16.0,0.2,2.0,0.0,5,30.0,71,61,2024-01-22,16:00:00,7.6,17.8,10.5,9.1,13.4,12.2,18.8
13.6,29.0,13.0,0.14,4.0,0.0,3,30.0,73,72,2024-01-22,17:00:00,9.2,7.9,10.1,7.9,10.5,10.6,14.2
12.3,24.0,16.0,0.16,3.0,0.0,3,29.0,75,59,2024-01-22,18:00:00,8.2,6.6,8.4,8.6,10.6,10.4,11.6
9.6,22.0,13.0,0.13,2.0,0.0,4,28.0,79,66,2024-01-22,19:00:00,8.4,6.1,6.1,8.1,9.3,12.8,10.3
10.5,20.0,12.0,0.11,2.0,0.0,2,28.0,81,29,2024-01-22,20:00:00,9.2,6.6,5.8,8.1,11.3,10.6,12.3
9.6,18.0,13.0,0.11,2.0,0.0,2,27.0,82,40,2024-01-22,21:00:00,7.9,6.3,5.5,8.0,9.3,9.4,11.1
8.2,17.0,13.0,0.11,2.0,0.0,3,27.0,85,51,2024-01-22,22:00:00,8.2,6.0,5.8,11.4,10.2,9.5,10.7
7.9,17.0,13.0,0.1,2.0,0.0,3,27.0,87,41,2024-01-22,23:00:00,7.4,7.9,7.8,11.0,12.0,10.0,14.5
8.4,16.0,12.0,0.13,2.0,0.0,2,26.0,90,29,2024-01-23,00:00:00,9.0,30.8,10.2,37.5,27.3,16.4,12.3
7.5,16.0,11.0,0.23,1.0,0.0,2,26.0,90,66,2024-01-23,01:00:00,7.8,26.4,11.4,37.1,46.8,36.2,17.0
8.8,18.0,8.0,0.23,2.0,0.0,1,26.0,93,35,2024-01-23,02:00:00,7.5,20.9,15.5,37.6,37.5,39.3,40.7
8.9,18.0,9.0,0.19,2.0,0.0,1,25.0,94,3,2024-01-23,03:00:00,8.3,16.6,13.8,27.4,26.7,29.8,35.9
8.7,16.0,7.0,0.18,4.0,0.0,1,25.0,96,349,2024-01-23,04:00:00,8.7,13.3,11.1,20.6,20.7,22.6,25.1
8.3,15.0,5.0,0.22,4.0,0.0,1,25.0,96,266,2024-01-23,05:00:00,8.7,11.8,11.9,26.5,24.6,23.6,21.4
7.9,15.0,3.0,0.34,4.0,0.0,1,25.0,97,315,2024-01-23,06:00:00,9.7,12.3,14.7,27.1,24.8,24.7,26.4
7.3,15.0,1.0,0.36,8.0,0.0,1,25.0,96,328,2024-01-23,07:00:00,8.9,16.3,18.6,27.7,23.4,26.6,26.2
7.1,15.0,4.0,0.28,6.0,0.0,2,26.0,91,15,2024-01-23,08:00:00,12.1,16.9,20.1,29.8,25.5,26.5,26.6
6.1,16.0,12.0,0.21,2.0,0.0,4,28.0,83,47,2024-01-23,09:00:00,14.4,17.6,20.9,29.4,24.8,27.0,25.1
6.3,16.0,13.0,0.23,2.17,0.0,3,30.0,77,37,2024-01-23,10:00:00,12.8,14.9,23.7,30.6,28.2,27.0,25.6
5.2,15.0,16.0,0.2,1.0,0.15,5,31.0,72,38,2024-01-23,11:00:00,17.8,18.4,24.6,27.3,29.2,41.5,25.8
16.8,27.0,23.52,0.23,1.0,0.0,5,30.0,72,26,2024-01-23,12:00:00,7.9,14.2,21.3,29.4,36.4,30.4,20.9
6.1,16.0,17.0,0.23,1.0,0.0,4,30.0,74,40,2024-01-23,13:00:00,6.6,13.1,20.9,41.0,21.1,28.4,26.9
6.4,15.0,19.0,0.23,2.0,0.0,4,31.0,72,46,2024-01-23,14:00:00,6.1,14.8,21.4,22.3,15.7,23.5,19.4
6.4,15.0,21.0,0.23,2.0,0.0,4,30.0,74,52,2024-01-23,15:00:00,6.6,15.4,11.0,17.9,13.5,18.8,16.3
7.6,15.0,21.0,0.24,2.0,0.0,3,31.0,71,40,2024-01-23,16:00:00,6.3,10.5,9.1,13.4,12.2,14.2,12.0
9.2,18.0,23.0,0.25,3.0,0.0,2,30.0,72,43,2024-01-23,17:00:00,6.0,10.1,7.9,10.5,10.6,11.6,9.8
8.2,15.0,20.0,0.26,3.0,0.0,3,29.0,76,35,2024-01-23,18:00:00,7.9,8.4,8.6,10.6,10.4,10.3,8.7
8.4,17.0,19.0,0.25,2.0,0.0,2,29.0,80,43,2024-01-23,19:00:00,30.8,6.1,8.1,9.3,12.8,12.3,9.1
9.2,18.0,19.0,0.23,2.0,0.0,3,28.0,82,43,2024-01-23,20:00:00,26.4,5.8,8.1,11.3,10.6,11.1,9.0
7.9,16.0,20.0,0.21,1.0,0.0,3,28.0,81,30,2024-01-23,21:00:00,20.9,5.5,8.0,9.3,9.4,10.7,10.5
8.2,18.0,19.0,0.21,1.0,0.0,3,28.0,82,32,2024-01-23,22:00:00,16.6,5.8,11.4,10.2,9.5,14.5,10.0
7.4,16.0,20.0,0.21,1.0,1.0,3,28.0,82,42,2024-01-23,23:00:00,13.3,7.8,11.0,12.0,10.0,12.3,11.0
9.0,18.0,19.0,0.21,1.0,0.0,2,28.0,84,30,2024-01-24,00:00:00,11.8,10.2,37.5,27.3,16.4,17.0,16.7
7.8,16.0,23.0,0.22,1.0,0.0,3,28.0,82,49,2024-01-24,01:00:00,12.3,11.4,37.1,46.8,36.2,40.7,32.6
7.5,14.0,26.0,0.22,1.0,0.0,4,27.0,81,43,2024-01-24,02:00:00,16.3,15.5,37.6,37.5,39.3,35.9,32.8
8.3,16.0,20.0,0.22,1.0,0.0,3,27.0,88,18,2024-01-24,03:00:00,16.9,13.8,27.4,26.7,29.8,25.1,24.7
8.7,16.0,16.0,0.23,2.0,0.0,2,27.0,88,17,2024-01-24,04:00:00,17.6,11.1,20.6,20.7,22.6,21.4,19.3
8.7,16.0,15.0,0.21,2.0,0.0,2,27.0,87,27,2024-01-24,05:00:00,14.9,11.9,26.5,24.6,23.6,26.4,17.6
9.7,18.0,12.0,0.22,3.0,0.0,2,27.0,89,6,2024-01-24,06:00:00,18.4,14.7,27.1,24.8,24.7,26.2,19.2
8.9,19.0,14.0,0.24,3.0,0.0,3,28.0,86,38,2024-01-24,07:00:00,14.2,18.6,27.7,23.4,26.6,26.6,20.7
12.1,26.0,17.0,0.22,2.0,0.0,4,29.0,81,50,2024-01-24,08:00:00,13.1,20.1,29.8,25.5,26.5,25.1,21.4
14.4,31.0,19.0,0.22,2.17,0.0,5,30.0,75,52,2024-01-24,09:00:00,14.8,20.9,29.4,24.8,27.0,25.6,23.5
12.8,28.0,20.0,0.2,1.0,0.15,4,32.0,68,68,2024-01-24,10:00:00,15.4,23.7,30.6,28.2,27.0,25.8,24.9
17.8,34.0,23.52,0.24,1.0,0.0,5,33.0,64,64,2024-01-24,11:00:00,10.5,24.6,27.3,29.2,41.5,20.9,23.4
7.9,21.0,22.0,0.23,1.0,0.0,6,33.0,64,66,2024-01-24,12:00:00,10.1,21.3,29.4,36.4,30.4,26.9,24.2
6.6,21.0,23.0,0.22,1.0,0.0,7,34.0,58,62,2024-01-24,13:00:00,8.4,20.9,41.0,21.1,28.4,19.4,24.5
6.1,20.0,22.0,0.21,1.0,0.0,6,35.0,55,62,2024-01-24,14:00:00,6.1,21.4,22.3,15.7,23.5,16.3,20.9
6.6,21.0,21.0,0.21,1.0,0.0,6,34.0,55,61,2024-01-24,15:00:00,5.8,11.0,17.9,13.5,18.8,12.0,16.7
6.3,19.0,22.0,0.23,2.0,0.0,6,33.0,61,59,2024-01-24,16:00:00,5.5,9.1,13.4,12.2,14.2,9.8,13.8
6.0,18.0,19.0,0.21,2.0,0.0,6,31.0,68,61,2024-01-24,17:00:00,5.8,7.9,10.5,10.6,11.6,8.7,12.9
7.9,23.0,19.0,0.24,2.0,0.0,6,29.0,77,59,2024-01-24,18:00:00,7.8,8.6,10.6,10.4,10.3,9.1,12.5
30.8,62.0,19.0,0.2,1.0,0.0,5,28.0,81,50,2024-01-24,19:00:00,10.2,8.1,9.3,12.8,12.3,9.0,12.5
26.4,53.0,20.0,0.19,1.0,0.0,4,28.0,82,51,2024-01-24,20:00:00,11.4,8.1,11.3,10.6,11.1,10.5,11.1
20.9,42.0,21.0,0.18,1.0,0.0,4,28.0,81,53,2024-01-24,21:00:00,15.5,8.0,9.3,9.4,10.7,10.0,9.0
16.6,34.0,22.0,0.19,1.0,1.0,4,28.0,81,46,2024-01-24,22:00:00,13.8,11.4,10.2,9.5,14.5,11.0,9.7
13.3,28.0,22.0,0.18,1.0,1.0,5,28.0,84,44,2024-01-24,23:00:00,11.1,11.0,12.0,10.0,12.3,16.7,9.7
11.8,24.0,23.0,0.19,1.0,0.0,4,28.0,83,49,2024-01-25,00:00:00,11.9,37.5,27.3,16.4,17.0,32.6,10.4
12.3,25.0,23.0,0.19,1.0,0.0,4,28.0,82,54,2024-01-25,01:00:00,14.7,37.1,46.8,36.2,40.7,32.8,11.2
16.3,33.0,24.0,0.18,1.0,0.0,4,28.0,81,58,2024-01-25,02:00:00,18.6,37.6,37.5,39.3,35.9,24.7,12.4
16.9,34.0,24.0,0.19,1.0,0.0,4,28.0,82,60,2024-01-25,03:00:00,20.1,27.4,26.7,29.8,25.1,19.3,14.4
17.6,37.0,23.0,0.17,1.0,0.0,5,28.0,81,61,2024-01-25,04:00:00,20.9,20.6,20.7,22.6,21.4,17.6,14.7
14.9,30.0,23.0,0.17,1.0,0.0,4,27.0,82,57,2024-01-25,05:00:00,23.7,26.5,24.6,23.6,26.4,19.2,14.1
18.4,35.0,22.0,0.19,1.0,0.0,3,26.0,90,61,2024-01-25,06:00:00,24.6,27.1,24.8,24.7,26.2,20.7,14.2
14.2,29.0,21.0,0.21,3.0,0.0,4,27.0,88,46,2024-01-25,07:00:00,21.3,27.7,23.4,26.6,26.6,21.4,16.2
13.1,25.0,22.0,0.22,2.17,0.0,3,28.0,84,51,2024-01-25,08:00:00,20.9,29.8,25.5,26.5,25.1,23.5,15.4
14.8,29.0,23.0,0.2,2.0,0.15,4,29.0,83,46,2024-01-25,09:00:00,21.4,29.4,24.8,27.0,25.6,24.9,20.9
15.4,24.0,23.52,0.22,2.0,0.0,4,29.0,82,65,2024-01-25,10:00:00,11.0,30.6,28.2,27.0,25.8,23.4,20.2
10.5,22.0,24.0,0.23,2.0,0.0,4,27.0,90,73,2024-01-25,11:00:00,9.1,27.3,29.2,41.5,20.9,24.2,19.1
10.1,20.0,24.0,0.24,3.0,1.0,3,27.0,93,57,2024-01-25,12:00:00,7.9,29.4,36.4,30.4,26.9,24.5,18.2
8.4,18.0,26.0,0.23,1.0,1.0,4,29.0,86,44,2024-01-25,13:00:00,8.6,41.0,21.1,28.4,19.4,20.9,18.3
6.1,17.0,28.0,0.2,1.0,1.0,6,32.0,72,63,2024-01-25,14:00:00,8.1,22.3,15.7,23.5,16.3,16.7,11.3
5.8,17.0,32.0,0.22,1.0,1.0,6,32.0,71,62,2024-01-25,15:00:00,8.1,17.9,13.5,18.8,12.0,13.8,14.3
5.5,17.0,30.0,0.22,1.0,1.0,6,32.0,70,63,2024-01-25,16:00:00,8.0,13.4,12.2,14.2,9.8,12.9,15.6
5.8,16.0,30.0,0.24,2.0,1.0,6,30.0,74,63,2024-01-25,17:00:00,11.4,10.5,10.6,11.6,8.7,12.5,13.7
7.8,16.0,28.0,0.25,1.0,0.0,4,29.0,78,59,2024-01-25,18:00:00,11.0,10.6,10.4,10.3,9.1,12.5,9.5
10.2,23.0,30.0,0.25,1.0,0.0,5,28.0,80,59,2024-01-25,19:00:00,37.5,9.3,12.8,12.3,9.0,11.1,14.0
11.4,22.0,31.0,0.26,1.0,0.0,4,28.0,83,61,2024-01-25,20:00:00,37.1,11.3,10.6,11.1,10.5,9.0,13.1
15.5,29.0,29.0,0.25,1.0,1.0,4,28.0,85,50,2024-01-25,21:00:00,37.6,9.3,9.4,10.7,10.0,9.7,9.9
13.8,24.0,30.0,0.25,1.0,1.0,3,28.0,83,62,2024-01-25,22:00:00,27.4,10.2,9.5,14.5,11.0,9.7,12.3
11.1,22.0,31.0,0.26,1.0,1.0,4,28.0,82,62,2024-01-25,23:00:00,20.6,12.0,10.0,12.3,16.7,10.4,9.4
11.9,24.0,32.0,0.24,1.0,0.0,5,28.0,81,59,2024-01-26,00:00:00,26.5,27.3,16.4,17.0,32.6,11.2,11.5
14.7,29.0,32.0,0.25,1.0,0.0,5,28.0,81,60,2024-01-26,01:00:00,27.1,46.8,36.2,40.7,32.8,12.4,11.8
18.6,35.0,33.0,0.24,1.0,0.0,4,28.0,81,61,2024-01-26,02:00:00,27.7,37.5,39.3,35.9,24.7,14.4,17.9
20.1,39.0,34.0,0.25,1.0,0.0,5,28.0,80,54,2024-01-26,03:00:00,29.8,26.7,29.8,25.1,19.3,14.7,19.9
20.9,42.0,33.0,0.24,1.0,0.0,5,28.0,81,56,2024-01-26,04:00:00,29.4,20.7,22.6,21.4,17.6,14.1,15.1
23.7,47.0,33.0,0.25,1.0,0.0,6,28.0,81,59,2024-01-26,05:00:00,30.6,24.6,23.6,26.4,19.2,14.2,15.4
24.6,48.0,32.0,0.25,1.0,0.0,5,28.0,80,59,2024-01-26,06:00:00,27.3,24.8,24.7,26.2,20.7,16.2,16.3
21.3,41.0,31.0,0.26,2.17,1.0,5,29.0,76,57,2024-01-26,07:00:00,29.4,23.4,26.6,26.6,21.4,15.4,19.7
20.9,41.0,31.0,0.2,2.0,0.15,5,31.0,68,62,2024-01-26,08:00:00,41.0,25.5,26.5,25.1,23.5,20.9,15.2
21.4,33.0,23.52,0.28,1.0,0.0,6,32.0,64,64,2024-01-26,09:00:00,22.3,24.8,27.0,25.6,24.9,20.2,12.3
11.0,28.0,33.0,0.26,1.0,0.0,7,33.0,64,62,2024-01-26,10:00:00,17.9,28.2,27.0,25.8,23.4,19.1,12.0
9.1,24.0,32.0,0.29,1.0,0.0,7,32.0,66,60,2024-01-26,11:00:00,13.4,29.2,41.5,20.9,24.2,18.2,11.4
7.9,22.0,32.0,0.26,1.0,0.0,7,33.0,67,66,2024-01-26,12:00:00,10.5,36.4,30.4,26.9,24.5,18.3,14.9
8.6,20.0,31.0,0.26,1.0,0.0,5,32.0,69,55,2024-01-26,13:00:00,10.6,21.1,28.4,19.4,20.9,11.3,20.0
8.1,19.0,34.0,0.27,1.0,0.0,6,31.0,69,64,2024-01-26,14:00:00,9.3,15.7,23.5,16.3,16.7,14.3,19.6
8.1,18.0,31.0,0.27,1.0,0.0,5,31.0,71,53,2024-01-26,15:00:00,11.3,13.5,18.8,12.0,13.8,15.6,15.2
8.0,20.0,32.0,0.24,1.0,0.0,6,32.0,67,53,2024-01-26,16:00:00,9.3,12.2,14.2,9.8,12.9,13.7,11.7
11.4,24.0,34.0,0.18,1.0,0.0,5,31.0,69,50,2024-01-26,17:00:00,10.2,10.6,11.6,8.7,12.5,9.5,20.3
11.0,23.0,33.0,0.17,1.0,0.0,5,29.0,75,46,2024-01-26,18:00:00,12.0,10.4,10.3,9.1,12.5,14.0,16.3
37.5,72.0,30.0,0.16,1.0,0.0,5,29.0,78,49,2024-01-26,19:00:00,27.3,12.8,12.3,9.0,11.1,13.1,16.2
37.1,70.0,29.0,0.15,1.0,0.0,5,28.0,79,49,2024-01-26,20:00:00,46.8,10.6,11.1,10.5,9.0,9.9,12.6
37.6,70.0,29.0,0.15,1.0,0.0,4,28.0,80,48,2024-01-26,21:00:00,37.5,9.4,10.7,10.0,9.7,12.3,13.8
27.4,51.0,28.0,0.15,1.0,0.0,4,28.0,81,57,2024-01-26,22:00:00,26.7,9.5,14.5,11.0,9.7,9.4,19.3
20.6,40.0,29.0,0.14,1.0,0.0,4,28.0,82,49,2024-01-26,23:00:00,20.7,10.0,12.3,16.7,10.4,11.5,13.4
26.5,49.0,29.0,0.19,1.0,0.0,4,28.0,82,51,2024-01-27,00:00:00,24.6,16.4,17.0,32.6,11.2,11.8,13.7
27.1,50.0,29.0,0.27,1.0,0.0,4,28.0,83,50,2024-01-27,01:00:00,24.8,36.2,40.7,32.8,12.4,17.9,25.3
27.7,51.0,29.0,0.28,1.0,0.0,4,28.0,82,50,2024-01-27,02:00:00,23.4,39.3,35.9,24.7,14.4,19.9,20.6
29.8,56.0,30.0,0.26,1.0,0.0,4,28.0,82,47,2024-01-27,03:00:00,25.5,29.8,25.1,19.3,14.7,15.1,18.0
29.4,56.0,30.0,0.28,1.0,0.0,4,28.0,82,39,2024-01-27,04:00:00,24.8,22.6,21.4,17.6,14.1,15.4,16.1
30.6,57.0,30.0,0.28,1.0,0.0,4,28.0,82,49,2024-01-27,05:00:00,28.2,23.6,26.4,19.2,14.2,16.3,12.7
27.3,53.0,31.0,0.29,2.17,0.0,5,28.0,82,53,2024-01-27,06:00:00,29.2,24.7,26.2,20.7,16.2,19.7,11.2
29.4,57.0,31.0,0.2,1.0,0.15,5,28.0,80,47,2024-01-27,07:00:00,36.4,26.6,26.6,21.4,15.4,15.2,9.3
41.0,61.0,23.52,0.26,1.0,0.0,6,30.0,73,54,2024-01-27,08:00:00,21.1,26.5,25.1,23.5,20.9,12.3,13.6
22.3,47.0,31.0,0.18,1.0,0.0,7,32.0,68,53,2024-01-27,09:00:00,15.7,27.0,25.6,24.9,20.2,12.0,10.8
17.9,38.0,30.0,0.17,1.0,0.0,6,33.0,64,65,2024-01-27,10:00:00,13.5,27.0,25.8,23.4,19.1,11.4,9.0
13.4,31.0,29.0,0.15,1.0,0.0,6,33.0,61,71,2024-01-27,11:00:00,12.2,41.5,20.9,24.2,18.2,14.9,10.2
10.5,26.0,30.0,0.15,1.0,0.0,6,33.0,60,69,2024-01-27,12:00:00,10.6,30.4,26.9,24.5,18.3,20.0,16.9
10.6,26.0,34.0,0.15,1.0,0.0,7,34.0,58,63,2024-01-27,13:00:00,10.4,28.4,19.4,20.9,11.3,19.6,17.8
9.3,23.0,39.0,0.18,1.0,0.0,7,35.0,55,57,2024-01-27,14:00:00,12.8,23.5,16.3,16.7,14.3,15.2,18.1
11.3,24.0,44.0,0.19,1.0,0.0,7,34.0,56,62,2024-01-27,15:00:00,10.6,18.8,12.0,13.8,15.6,11.7,13.3
9.3,22.0,37.0,0.18,1.0,0.0,6,33.0,59,60,2024-01-27,16:00:00,9.4,14.2,9.8,12.9,13.7,20.3,10.3
10.2,23.0,31.0,0.21,1.0,0.0,5,31.0,66,69,2024-01-27,17:00:00,9.5,11.6,8.7,12.5,9.5,16.3,15.1
12.0,25.0,28.0,0.26,3.0,0.0,4,30.0,72,57,2024-01-27,18:00:00,10.0,10.3,9.1,12.5,14.0,16.2,13.8
27.3,51.0,26.0,0.23,1.0,0.0,4,29.0,76,55,2024-01-27,19:00:00,16.4,12.3,9.0,11.1,13.1,12.6,16.0
46.8,86.0,26.0,0.22,2.0,0.0,3,28.0,79,50,2024-01-27,20:00:00,36.2,11.1,10.5,9.0,9.9,13.8,11.9
37.5,68.0,27.0,0.2,1.0,0.0,3,28.0,80,53,2024-01-27,21:00:00,39.3,10.7,10.0,9.7,12.3,19.3,12.5
26.7,50.0,28.0,0.2,1.0,0.0,4,28.0,79,47,2024-01-27,22:00:00,29.8,14.5,11.0,9.7,9.4,13.4,14.9
20.7,38.0,28.0,0.2,1.0,0.0,4,27.0,81,43,2024-01-27,23:00:00,22.6,12.3,16.7,10.4,11.5,13.7,18.4
24.6,44.0,27.0,0.19,1.0,0.0,3,27.0,80,55,2024-01-28,00:00:00,23.6,17.0,32.6,11.2,11.8,25.3,21.0
24.8,43.0,27.0,0.2,1.0,0.0,2,27.0,82,42,2024-01-28,01:00:00,24.7,40.7,32.8,12.4,17.9,20.6,25.9
23.4,39.0,27.0,0.2,1.0,0.0,2,27.0,83,56,2024-01-28,02:00:00,26.6,35.9,24.7,14.4,19.9,18.0,23.2
25.5,45.0,27.0,0.19,1.0,0.0,2,27.0,82,49,2024-01-28,03:00:00,26.5,25.1,19.3,14.7,15.1,16.1,17.2
24.8,44.0,28.0,0.19,1.0,0.0,3,27.0,81,53,2024-01-28,04:00:00,27.0,21.4,17.6,14.1,15.4,12.7,13.0
28.2,49.0,29.0,0.2,2.17,0.0,2,27.0,81,53,2024-01-28,05:00:00,27.0,26.4,19.2,14.2,16.3,11.2,9.9
29.2,50.0,30.0,0.2,1.0,0.15,2,27.0,81,54,2024-01-28,06:00:00,41.5,26.2,20.7,16.2,19.7,9.3,10.1
36.4,46.0,23.52,0.23,1.0,0.0,3,29.0,75,47,2024-01-28,07:00:00,30.4,26.6,21.4,15.4,15.2,13.6,8.2
21.1,41.0,33.0,0.21,1.0,0.0,5,31.0,69,48,2024-01-28,08:00:00,28.4,25.1,23.5,20.9,12.3,10.8,8.6
15.7,33.0,33.0,0.22,1.0,0.0,6,32.0,64,56,2024-01-28,09:00:00,23.5,25.6,24.9,20.2,12.0,9.0,6.6
13.5,29.0,33.0,0.21,1.0,0.0,6,33.0,62,65,2024-01-28,10:00:00,18.8,25.8,23.4,19.1,11.4,10.2,10.7
12.2,26.0,33.0,0.21,1.0,0.0,6,34.0,60,59,2024-01-28,11:00:00,14.2,20.9,24.2,18.2,14.9,16.9,12.9
10.6,24.0,35.0,0.21,1.0,0.0,6,34.0,59,69,2024-01-28,12:00:00,11.6,26.9,24.5,18.3,20.0,17.8,12.8
10.4,24.0,32.0,0.21,1.0,0.0,6,34.0,56,62,2024-01-28,13:00:00,10.3,19.4,20.9,11.3,19.6,18.1,13.8
12.8,28.0,32.0,0.2,1.0,0.0,5,34.0,57,66,2024-01-28,14:00:00,12.3,16.3,16.7,14.3,15.2,13.3,16.6
10.6,24.0,32.0,0.21,1.0,0.0,6,34.0,56,63,2024-01-28,15:00:00,11.1,12.0,13.8,15.6,11.7,10.3,27.7
9.4,21.0,31.0,0.21,1.0,0.0,5,34.0,58,53,2024-01-28,16:00:00,10.7,9.8,12.9,13.7,20.3,15.1,20.5
9.5,19.0,34.0,0.23,1.0,0.0,5,32.0,63,55,2024-01-28,17:00:00,14.5,8.7,12.5,9.5,16.3,13.8,27.1
10.0,18.0,36.0,0.24,2.0,0.0,4,30.0,69,52,2024-01-28,18:00:00,12.3,9.1,12.5,14.0,16.2,16.0,23.5
16.4,29.0,35.0,0.24,1.0,0.0,4,29.0,74,46,2024-01-28,19:00:00,17.0,9.0,11.1,13.1,12.6,11.9,22.2
36.2,65.0,33.0,0.24,1.0,1.0,3,29.0,77,47,2024-01-28,20:00:00,40.7,10.5,9.0,9.9,13.8,12.5,16.4
39.3,70.0,30.0,0.23,1.0,1.0,3,28.0,79,41,2024-01-28,21:00:00,35.9,10.0,9.7,12.3,19.3,14.9,19.9
29.8,51.0,28.0,0.23,2.0,0.0,2,28.0,81,28,2024-01-28,22:00:00,25.1,11.0,9.7,9.4,13.4,18.4,19.5
22.6,40.0,28.0,0.22,1.0,1.0,3,27.0,82,33,2024-01-28,23:00:00,21.4,16.7,10.4,11.5,13.7,21.0,15.1
23.6,44.0,30.0,0.22,1.0,0.0,4,28.0,81,39,2024-01-29,00:00:00,26.4,32.6,11.2,11.8,25.3,25.9,29.6
24.7,45.0,30.0,0.22,1.0,0.0,3,27.0,81,29,2024-01-29,01:00:00,26.2,32.8,12.4,17.9,20.6,23.2,36.8
26.6,47.0,30.0,0.23,1.0,0.0,3,27.0,82,23,2024-01-29,02:00:00,26.6,24.7,14.4,19.9,18.0,17.2,31.4
26.5,48.0,29.0,0.24,1.0,0.0,3,27.0,85,22,2024-01-29,03:00:00,25.1,19.3,14.7,15.1,16.1,13.0,22.6
27.0,49.0,27.0,0.23,2.17,0.0,3,26.0,86,30,2024-01-29,04:00:00,25.6,17.6,14.1,15.4,12.7,9.9,17.2
27.0,47.0,26.0,0.2,2.0,0.15,2,26.0,87,39,2024-01-29,05:00:00,25.8,19.2,14.2,16.3,11.2,10.1,20.5
41.5,53.0,23.52,0.28,2.0,0.0,2,26.0,87,29,2024-01-29,06:00:00,20.9,20.7,16.2,19.7,9.3,8.2,16.1
30.4,54.0,24.0,0.27,4.0,1.0,2,27.0,84,23,2024-01-29,07:00:00,26.9,21.4,15.4,15.2,13.6,8.6,11.8
28.4,54.0,28.0,0.25,2.0,1.0,4,30.0,74,52,2024-01-29,08:00:00,19.4,23.5,20.9,12.3,10.8,6.6,9.8
23.5,45.0,32.0,0.19,1.0,0.0,5,32.0,68,67,2024-01-29,09:00:00,16.3,24.9,20.2,12.0,9.0,10.7,8.0
18.8,37.0,32.0,0.19,1.0,0.0,5,32.0,66,63,2024-01-29,10:00:00,12.0,23.4,19.1,11.4,10.2,12.9,16.3
14.2,31.0,34.0,0.19,1.0,1.0,6,33.0,60,71,2024-01-29,11:00:00,9.8,24.2,18.2,14.9,16.9,12.8,11.9
11.6,26.0,36.0,0.17,1.0,0.0,6,34.0,55,71,2024-01-29,12:00:00,8.7,24.5,18.3,20.0,17.8,13.8,18.4
10.3,23.0,37.0,0.17,1.0,0.0,6,35.0,51,67,2024-01-29,13:00:00,9.1,20.9,11.3,19.6,18.1,16.6,16.2
12.3,26.0,39.0,0.18,1.0,0.0,6,35.0,51,60,2024-01-29,14:00:00,9.0,16.7,14.3,15.2,13.3,27.7,23.3
11.1,23.0,39.0,0.19,1.0,0.0,6,34.0,54,66,2024-01-29,15:00:00,10.5,13.8,15.6,11.7,10.3,20.5,20.4
10.7,21.0,38.0,0.19,1.0,0.0,5,33.0,57,65,2024-01-29,16:00:00,10.0,12.9,13.7,20.3,15.1,27.1,22.8
14.5,26.0,40.0,0.21,2.0,0.0,4,32.0,62,56,2024-01-29,17:00:00,11.0,12.5,9.5,16.3,13.8,23.5,17.3
12.3,23.0,36.0,0.2,1.0,0.0,4,30.0,68,56,2024-01-29,18:00:00,16.7,12.5,14.0,16.2,16.0,22.2,17.7
17.0,32.0,23.0,0.23,2.0,0.0,3,29.0,73,55,2024-01-29,19:00:00,32.6,11.1,13.1,12.6,11.9,16.4,18.8
40.7,79.0,26.0,0.12,1.0,0.0,3,27.0,80,29,2024-01-29,21:00:00,32.8,9.0,9.9,13.8,12.5,19.9,26.8
35.9,65.0,26.0,0.08,1.0,0.0,3,27.0,81,28,2024-01-29,22:00:00,24.7,9.7,12.3,19.3,14.9,19.5,20.0
25.1,45.0,26.0,0.08,1.0,0.0,3,27.0,82,25,2024-01-29,23:00:00,19.3,9.7,9.4,13.4,18.4,15.1,22.2
21.4,40.0,26.0,0.11,1.0,0.0,3,27.0,82,32,2024-01-30,00:00:00,17.6,10.4,11.5,13.7,21.0,29.6,27.2
26.4,49.0,28.0,0.19,1.0,1.0,4,27.0,83,41,2024-01-30,01:00:00,19.2,11.2,11.8,25.3,25.9,36.8,32.5
26.2,48.0,30.0,0.18,1.0,0.0,4,27.0,83,44,2024-01-30,02:00:00,20.7,12.4,17.9,20.6,23.2,31.4,37.4
26.6,47.0,31.0,0.19,2.17,1.0,3,27.0,83,48,2024-01-30,03:00:00,21.4,14.4,19.9,18.0,17.2,22.6,33.1
25.1,45.0,32.0,0.2,1.0,0.15,3,27.0,83,48,2024-01-30,04:00:00,23.5,14.7,15.1,16.1,13.0,17.2,29.5
25.6,50.0,23.52,0.21,1.0,0.0,5,27.0,82,54,2024-01-30,05:00:00,24.9,14.1,15.4,12.7,9.9,20.5,21.9
25.8,47.0,34.0,0.2,1.0,1.0,4,27.0,80,51,2024-01-30,06:00:00,23.4,14.2,16.3,11.2,10.1,16.1,19.2
20.9,39.0,33.0,0.22,2.0,1.0,4,28.0,77,49,2024-01-30,07:00:00,24.2,16.2,19.7,9.3,8.2,11.8,14.6
26.9,52.0,33.0,0.19,1.0,1.0,5,30.0,71,56,2024-01-30,08:00:00,24.5,15.4,15.2,13.6,8.6,9.8,18.8
19.4,41.0,34.0,0.16,1.0,1.0,6,32.0,65,63,2024-01-30,09:00:00,20.9,20.9,12.3,10.8,6.6,8.0,14.3
16.3,33.0,36.0,0.16,1.0,1.0,6,33.0,61,61,2024-01-30,10:00:00,16.7,20.2,12.0,9.0,10.7,16.3,14.7
12.0,28.0,35.0,0.15,1.0,1.0,6,34.0,58,65,2024-01-30,11:00:00,13.8,19.1,11.4,10.2,12.9,11.9,10.8
9.8,25.0,36.0,0.16,1.0,1.0,7,35.0,51,58,2024-01-30,12:00:00,12.9,18.2,14.9,16.9,12.8,18.4,8.1
8.7,22.0,43.0,0.15,1.0,0.0,8,35.0,48,67,2024-01-30,13:00:00,12.5,18.3,20.0,17.8,13.8,16.2,19.3
9.1,21.0,41.0,0.15,1.0,0.0,6,36.0,45,63,2024-01-30,14:00:00,12.5,11.3,19.6,18.1,16.6,23.3,16.8
9.0,20.0,44.0,0.17,1.0,1.0,6,35.0,47,67,2024-01-30,15:00:00,11.1,14.3,15.2,13.3,27.7,20.4,24.5
10.5,22.0,46.0,0.19,1.0,1.0,6,34.0,48,60,2024-01-30,16:00:00,9.0,15.6,11.7,10.3,20.5,22.8,18.1
10.0,20.0,39.0,0.18,1.0,1.0,5,33.0,56,50,2024-01-30,17:00:00,9.7,13.7,20.3,15.1,27.1,17.3,17.6
11.0,22.0,32.0,0.18,1.0,0.0,5,30.0,65,46,2024-01-30,18:00:00,9.7,9.5,16.3,13.8,23.5,17.7,21.6
16.7,33.0,28.0,0.19,1.0,1.0,4,29.0,73,37,2024-01-30,19:00:00,10.4,14.0,16.2,16.0,22.2,18.8,25.0
32.6,63.0,25.0,0.16,1.0,0.0,5,28.0,78,38,2024-01-30,20:00:00,11.2,13.1,12.6,11.9,16.4,26.8,26.7
32.8,63.0,24.0,0.16,1.0,1.0,4,28.0,80,44,2024-01-30,21:00:00,12.4,9.9,13.8,12.5,19.9,20.0,23.8
24.7,48.0,24.0,0.15,1.0,1.0,4,28.0,82,42,2024-01-30,22:00:00,14.4,12.3,19.3,14.9,19.5,22.2,23.1
19.3,38.0,25.0,0.14,1.0,1.0,4,28.0,81,46,2024-01-30,23:00:00,14.7,9.4,13.4,18.4,15.1,27.2,19.6
17.6,34.0,26.0,0.16,1.0,0.0,4,28.0,81,44,2024-01-31,00:00:00,14.1,11.5,13.7,21.0,29.6,32.5,20.6
19.2,35.0,27.0,0.21,1.0,0.0,3,27.0,81,39,2024-01-31,01:00:00,14.2,11.8,25.3,25.9,36.8,37.4,24.1
20.7,39.0,27.0,0.21,2.17,0.0,4,27.0,82,24,2024-01-31,02:00:00,16.2,17.9,20.6,23.2,31.4,33.1,32.6
21.4,40.0,27.0,0.2,1.0,0.15,4,27.0,83,25,2024-01-31,03:00:00,15.4,19.9,18.0,17.2,22.6,29.5,24.3
23.5,42.0,23.52,0.23,1.0,0.0,3,27.0,83,34,2024-01-31,04:00:00,20.9,15.1,16.1,13.0,17.2,21.9,24.6
24.9,46.0,27.0,0.23,1.0,0.0,3,27.0,83,36,2024-01-31,05:00:00,20.2,15.4,12.7,9.9,20.5,19.2,18.6
23.4,42.0,27.0,0.23,1.0,0.0,3,27.0,83,24,2024-01-31,06:00:00,19.1,16.3,11.2,10.1,16.1,14.6,14.3
24.2,46.0,26.0,0.24,2.0,0.0,4,28.0,81,31,2024-01-31,07:00:00,18.2,19.7,9.3,8.2,11.8,18.8,11.4
24.5,49.0,27.0,0.22,1.0,0.0,5,30.0,73,48,2024-01-31,08:00:00,18.3,15.2,13.6,8.6,9.8,14.3,17.1
20.9,43.0,30.0,0.19,1.0,0.0,6,32.0,66,55,2024-01-31,09:00:00,11.3,12.3,10.8,6.6,8.0,14.7,12.9
16.7,35.0,31.0,0.21,1.0,0.0,6,33.0,60,62,2024-01-31,10:00:00,14.3,12.0,9.0,10.7,16.3,10.8,10.2
13.8,29.0,33.0,0.2,1.0,0.0,6,34.0,56,64,2024-01-31,11:00:00,15.6,11.4,10.2,12.9,11.9,8.1,7.6
12.9,25.0,36.0,0.2,1.0,0.0,5,29.23,0,68,2024-01-31,12:00:00,13.7,14.9,16.9,12.8,18.4,19.3,10.3
12.5,24.0,31.0,0.18,1.0,0.0,6,33.0,49,66,2024-01-31,13:00:00,9.5,20.0,17.8,13.8,16.2,16.8,22.4
12.5,24.0,31.0,0.19,1.0,0.0,5,33.0,50,58,2024-01-31,14:00:00,14.0,19.6,18.1,16.6,23.3,24.5,18.1
11.1,22.0,30.0,0.18,1.0,0.0,5,32.0,51,58,2024-01-31,15:00:00,13.1,15.2,13.3,27.7,20.4,18.1,15.6
9.0,21.0,29.0,0.21,2.0,0.0,5,32.0,53,52,2024-01-31,16:00:00,9.9,11.7,10.3,20.5,22.8,17.6,23.7
9.7,21.0,28.0,0.19,2.0,0.0,5,30.0,57,54,2024-01-31,17:00:00,12.3,20.3,15.1,27.1,17.3,21.6,23.0
9.7,21.0,27.0,0.2,2.0,0.0,4,29.0,64,50,2024-01-31,18:00:00,9.4,16.3,13.8,23.5,17.7,25.0,20.9
10.4,22.0,25.0,0.21,3.0,0.0,3,28.0,70,40,2024-01-31,19:00:00,11.5,16.2,16.0,22.2,18.8,26.7,16.2
11.2,23.0,24.0,0.21,2.0,0.0,4,27.0,74,34,2024-01-31,20:00:00,11.8,12.6,11.9,16.4,26.8,23.8,13.0
12.4,24.0,23.0,0.2,1.0,0.0,4,27.0,77,30,2024-01-31,21:00:00,17.9,13.8,12.5,19.9,20.0,23.1,15.5
14.4,25.0,22.0,0.2,2.0,0.0,3,26.0,79,21,2024-01-31,22:00:00,19.9,19.3,14.9,19.5,22.2,19.6,18.5
14.7,29.0,20.0,0.2,2.0,0.0,2,25.0,83,360,2024-01-31,23:00:00,15.1,13.4,18.4,15.1,27.2,20.6,21.5
14.1,33.0,15.0,0.22,4.0,0.0,2,24.0,87,343,2024-02-01,00:00:00,15.4,13.7,21.0,29.6,32.5,24.1,17.5
14.2,36.0,14.0,0.23,2.17,0.0,2,24.0,89,342,2024-02-01,01:00:00,16.3,25.3,25.9,36.8,37.4,32.6,24.8
16.2,42.0,14.0,0.2,3.0,0.15,2,24.0,89,1,2024-02-01,02:00:00,19.7,20.6,23.2,31.4,33.1,24.3,33.3
15.4,39.0,23.52,0.23,1.0,0.0,2,25.0,85,14,2024-02-01,03:00:00,15.2,18.0,17.2,22.6,29.5,24.6,24.3
20.9,36.0,19.0,0.22,1.0,0.0,2,25.0,85,13,2024-02-01,04:00:00,12.3,16.1,13.0,17.2,21.9,18.6,18.3
20.2,34.0,20.0,0.21,1.0,0.0,3,25.0,84,15,2024-02-01,05:00:00,12.0,12.7,9.9,20.5,19.2,14.3,13.8
19.1,32.0,20.0,0.2,1.0,0.0,4,25.0,83,35,2024-02-01,06:00:00,11.4,11.2,10.1,16.1,14.6,11.4,10.3
18.2,36.0,20.0,0.2,2.0,0.0,3,26.0,78,45,2024-02-01,07:00:00,14.9,9.3,8.2,11.8,18.8,17.1,9.0
18.3,47.0,23.0,0.19,2.0,0.0,3,28.0,70,28,2024-02-01,08:00:00,20.0,13.6,8.6,9.8,14.3,12.9,9.2
11.3,38.0,23.0,0.2,1.0,0.0,5,30.0,62,38,2024-02-01,09:00:00,19.6,10.8,6.6,8.0,14.7,10.2,8.7
14.3,28.0,28.0,0.21,1.0,0.0,5,31.0,58,52,2024-02-01,10:00:00,15.2,9.0,10.7,16.3,10.8,7.6,12.2
15.6,23.0,35.0,0.22,1.0,0.0,5,32.0,54,51,2024-02-01,11:00:00,11.7,10.2,12.9,11.9,8.1,10.3,9.0
13.7,23.0,37.0,0.23,1.0,0.0,6,32.0,49,59,2024-02-01,12:00:00,20.3,16.9,12.8,18.4,19.3,22.4,9.3
9.5,18.0,34.0,0.64,1.0,4.0,5,33.0,44,63,2024-02-01,14:00:00,16.3,17.8,13.8,16.2,16.8,18.1,17.2
14.0,20.0,35.0,0.26,2.0,0.0,5,33.0,44,67,2024-02-01,15:00:00,16.2,18.1,16.6,23.3,24.5,15.6,14.4
13.1,18.0,33.0,0.23,2.0,0.0,5,32.0,46,62,2024-02-01,16:00:00,12.6,13.3,27.7,20.4,18.1,23.7,20.6
9.9,18.0,32.0,0.22,2.0,0.0,4,31.0,51,58,2024-02-01,17:00:00,13.8,10.3,20.5,22.8,17.6,23.0,15.1
12.3,17.0,27.0,0.24,2.0,0.0,3,30.0,57,46,2024-02-01,18:00:00,19.3,15.1,27.1,17.3,21.6,20.9,12.2
9.4,16.0,22.0,0.25,2.0,0.0,3,28.0,64,37,2024-02-01,19:00:00,13.4,13.8,23.5,17.7,25.0,16.2,13.1
11.5,20.0,20.0,0.24,2.0,1.0,3,27.0,71,23,2024-02-01,20:00:00,13.7,16.0,22.2,18.8,26.7,13.0,10.8
11.8,22.0,18.0,0.23,2.0,0.0,3,27.0,76,28,2024-02-01,21:00:00,25.3,11.9,16.4,26.8,23.8,15.5,14.7
17.9,28.0,17.0,0.22,1.0,1.0,3,26.0,77,28,2024-02-01,22:00:00,20.6,12.5,19.9,20.0,23.1,18.5,13.2
19.9,30.0,19.0,0.2,1.0,0.0,3,26.0,79,25,2024-02-01,23:00:00,18.0,14.9,19.5,22.2,19.6,21.5,10.0
15.1,24.0,18.0,0.19,2.17,0.0,2,25.0,82,6,2024-02-02,00:00:00,16.1,18.4,15.1,27.2,20.6,17.5,10.1
15.4,28.0,18.0,0.2,1.0,0.15,3,25.0,82,16,2024-02-02,01:00:00,12.7,21.0,29.6,32.5,24.1,24.8,14.2
16.3,36.0,23.52,0.16,1.0,0.0,2,25.0,84,16,2024-02-02,02:00:00,11.2,25.9,36.8,37.4,32.6,33.3,20.1
19.7,29.0,15.0,0.16,2.0,0.0,2,24.0,87,6,2024-02-02,03:00:00,9.3,23.2,31.4,33.1,24.3,24.3,20.7
15.2,25.0,10.0,0.15,5.0,0.0,1,24.0,90,331,2024-02-02,04:00:00,13.6,17.2,22.6,29.5,24.6,18.3,27.3
12.3,21.0,9.0,0.18,4.0,0.0,2,23.0,91,350,2024-02-02,05:00:00,10.8,13.0,17.2,21.9,18.6,13.8,19.9
12.0,19.0,4.0,0.29,7.0,0.0,1,23.0,93,285,2024-02-02,06:00:00,9.0,9.9,20.5,19.2,14.3,10.3,15.1
11.4,17.0,5.0,0.34,8.0,0.0,1,25.0,88,274,2024-02-02,07:00:00,10.2,10.1,16.1,14.6,11.4,9.0,18.0
14.9,22.0,15.0,0.06,2.0,0.15,3,27.0,73,32,2024-02-02,20:00:00,16.9,8.2,11.8,18.8,17.1,9.2,17.7
20.0,29.0,12.0,0.05,2.0,0.0,2,27.0,77,27,2024-02-02,21:00:00,17.8,8.6,9.8,14.3,12.9,8.7,19.3
19.6,27.0,11.0,0.05,2.0,0.0,2,26.0,81,14,2024-02-02,22:00:00,18.1,6.6,8.0,14.7,10.2,12.2,21.4
15.2,26.0,11.0,0.05,2.17,0.0,2,26.0,83,10,2024-02-02,23:00:00,13.3,10.7,16.3,10.8,7.6,9.0,16.7
11.7,25.0,10.0,0.2,3.0,0.15,2,25.0,86,359,2024-02-03,00:00:00,10.3,12.9,11.9,8.1,10.3,9.3,24.1
20.3,26.0,23.52,0.08,4.0,0.0,1,25.0,87,322,2024-02-03,01:00:00,15.1,12.8,18.4,19.3,22.4,17.2,20.8
16.3,24.0,4.0,0.09,5.0,0.0,0,24.0,91,303,2024-02-03,02:00:00,13.8,13.8,16.2,16.8,18.1,14.4,26.5
16.2,24.0,1.0,0.09,6.0,0.0,1,23.0,93,306,2024-02-03,03:00:00,16.0,16.6,23.3,24.5,15.6,20.6,25.6
12.6,22.0,1.0,0.1,6.0,0.0,1,23.0,94,301,2024-02-03,04:00:00,11.9,27.7,20.4,18.1,23.7,15.1,21.9
13.8,24.0,2.0,0.11,6.0,0.0,1,23.0,95,274,2024-02-03,05:00:00,12.5,20.5,22.8,17.6,23.0,12.2,24.9
19.3,24.0,3.0,0.13,9.0,0.0,1,23.0,94,327,2024-02-03,06:00:00,14.9,27.1,17.3,21.6,20.9,13.1,22.2
13.4,28.0,3.0,0.11,7.0,0.0,1,24.0,90,277,2024-02-03,07:00:00,18.4,23.5,17.7,25.0,16.2,10.8,17.0
13.7,23.0,11.0,0.12,3.0,0.0,2,28.0,75,49,2024-02-03,08:00:00,21.0,22.2,18.8,26.7,13.0,14.7,18.6
25.3,30.0,17.0,0.19,1.0,0.0,4,30.0,64,55,2024-02-03,09:00:00,25.9,16.4,26.8,23.8,15.5,13.2,26.9
20.6,32.0,19.0,0.15,1.0,0.0,4,31.0,59,50,2024-02-03,10:00:00,23.2,19.9,20.0,23.1,18.5,10.0,19.6
18.0,29.0,22.0,0.13,1.0,0.0,4,32.0,54,68,2024-02-03,11:00:00,17.2,19.5,22.2,19.6,21.5,10.1,14.7
16.1,29.0,31.0,0.15,1.0,0.0,4,33.0,51,50,2024-02-03,12:00:00,13.0,15.1,27.2,20.6,17.5,14.2,11.8
12.7,35.0,34.0,0.15,1.0,0.0,4,34.0,47,58,2024-02-03,13:00:00,9.9,29.6,32.5,24.1,24.8,20.1,11.4
11.2,34.0,35.0,0.16,1.0,0.0,4,34.0,46,46,2024-02-03,14:00:00,10.1,36.8,37.4,32.6,33.3,20.7,16.9
9.3,30.0,35.0,0.16,1.0,0.0,4,34.0,46,45,2024-02-03,15:00:00,8.2,31.4,33.1,24.3,24.3,27.3,21.8
13.6,27.0,35.0,0.17,1.0,0.0,4,33.0,49,48,2024-02-03,16:00:00,8.6,22.6,29.5,24.6,18.3,19.9,16.7
10.8,25.0,32.0,0.21,2.0,0.0,4,31.0,55,48,2024-02-03,17:00:00,6.6,17.2,21.9,18.6,13.8,15.1,19.5
9.0,23.0,27.0,0.21,3.0,0.0,3,30.0,63,47,2024-02-03,18:00:00,10.7,20.5,19.2,14.3,10.3,18.0,14.2
10.2,22.0,23.0,0.23,3.0,0.0,3,29.0,70,50,2024-02-03,19:00:00,12.9,16.1,14.6,11.4,9.0,17.7,12.0
16.9,22.0,19.0,0.21,3.0,0.0,3,28.0,74,55,2024-02-03,20:00:00,12.8,11.8,18.8,17.1,9.2,19.3,9.1
17.8,21.0,16.0,0.21,3.0,1.0,3,27.0,78,62,2024-02-03,21:00:00,13.8,9.8,14.3,12.9,8.7,21.4,14.0
18.1,23.0,15.0,0.18,2.17,1.0,3,27.0,80,54,2024-02-03,22:00:00,16.6,8.0,14.7,10.2,12.2,16.7,12.5
13.3,22.0,14.0,0.2,2.0,0.15,3,26.0,81,46,2024-02-03,23:00:00,27.7,16.3,10.8,7.6,9.0,24.1,9.8
10.3,24.0,23.52,0.21,2.0,0.0,2,26.0,83,31,2024-02-04,00:00:00,20.5,11.9,8.1,10.3,9.3,20.8,7.3
15.1,27.0,13.0,0.26,2.0,0.0,1,25.0,87,68,2024-02-04,01:00:00,27.1,18.4,19.3,22.4,17.2,26.5,9.8
13.8,29.0,9.0,0.25,3.0,1.0,1,24.0,91,14,2024-02-04,02:00:00,23.5,16.2,16.8,18.1,14.4,25.6,17.7
16.0,27.0,7.0,0.25,3.0,0.0,1,24.0,93,357,2024-02-04,03:00:00,22.2,23.3,24.5,15.6,20.6,21.9,16.9
11.9,25.0,1.0,0.29,5.0,0.0,1,23.0,96,297,2024-02-04,04:00:00,16.4,20.4,18.1,23.7,15.1,24.9,18.7
12.5,23.0,2.0,0.36,5.0,0.0,1,23.0,96,303,2024-02-04,05:00:00,19.9,22.8,17.6,23.0,12.2,22.2,14.7
14.9,28.0,1.0,0.38,5.0,0.0,1,22.0,97,320,2024-02-04,06:00:00,19.5,17.3,21.6,20.9,13.1,17.0,17.1
18.4,32.0,2.0,0.39,5.0,0.0,1,24.0,92,336,2024-02-04,07:00:00,15.1,17.7,25.0,16.2,10.8,18.6,18.1
21.0,31.0,12.0,0.38,4.0,0.0,1,28.0,76,54,2024-02-04,08:00:00,29.6,18.8,26.7,13.0,14.7,26.9,19.8
25.9,39.0,24.0,0.3,1.0,0.0,2,31.0,61,52,2024-02-04,09:00:00,36.8,26.8,23.8,15.5,13.2,19.6,17.1
23.2,42.0,26.0,0.25,1.0,0.0,2,32.0,55,83,2024-02-04,10:00:00,31.4,20.0,23.1,18.5,10.0,14.7,13.4
17.2,41.0,27.0,0.23,1.0,0.0,1,34.0,50,86,2024-02-04,11:00:00,22.6,22.2,19.6,21.5,10.1,11.8,15.9
13.0,43.0,26.0,0.22,1.0,1.0,1,35.0,46,61,2024-02-04,12:00:00,17.2,27.2,20.6,17.5,14.2,11.4,12.4
9.9,37.0,29.0,0.22,1.0,0.0,1,35.0,44,39,2024-02-04,13:00:00,20.5,32.5,24.1,24.8,20.1,16.9,13.3
10.1,33.0,32.0,0.22,1.0,1.0,1,36.0,40,41,2024-02-04,14:00:00,16.1,37.4,32.6,33.3,20.7,21.8,11.1
8.2,29.0,35.0,0.23,1.0,1.0,3,35.0,42,36,2024-02-04,15:00:00,11.8,33.1,24.3,24.3,27.3,16.7,21.0
8.6,27.0,40.0,0.23,1.0,1.0,4,35.0,42,49,2024-02-04,16:00:00,9.8,29.5,24.6,18.3,19.9,19.5,15.3
6.6,25.0,38.0,0.26,2.0,1.0,1,33.0,50,357,2024-02-04,17:00:00,8.0,21.9,18.6,13.8,15.1,14.2,11.5
10.7,23.0,28.0,0.4,5.0,1.0,1,30.0,63,235,2024-02-04,18:00:00,16.3,19.2,14.3,10.3,18.0,12.0,13.9
12.9,22.0,30.0,0.37,3.0,1.0,2,29.0,65,32,2024-02-04,19:00:00,11.9,14.6,11.4,9.0,17.7,9.1,11.0
12.8,22.0,32.0,0.32,3.0,1.0,3,29.0,70,62,2024-02-04,20:00:00,18.4,18.8,17.1,9.2,19.3,14.0,10.7
13.8,27.0,31.0,0.29,2.17,1.0,3,27.0,76,40,2024-02-04,21:00:00,16.2,14.3,12.9,8.7,21.4,12.5,10.7
16.6,31.0,29.0,0.2,2.0,0.15,2,27.0,81,13,2024-02-04,22:00:00,23.3,14.7,10.2,12.2,16.7,9.8,13.8
27.7,32.0,23.52,0.3,4.0,1.0,1,26.0,83,355,2024-02-04,23:00:00,20.4,10.8,7.6,9.0,24.1,7.3,10.5
20.5,39.0,20.0,0.28,4.0,0.0,1,25.0,88,1,2024-02-05,00:00:00,22.8,8.1,10.3,9.3,20.8,9.8,8.8
27.1,42.0,16.0,0.3,6.0,0.0,0,25.0,91,339,2024-02-05,01:00:00,17.3,19.3,22.4,17.2,26.5,17.7,6.7
23.5,39.0,13.0,0.3,6.0,0.0,0,24.0,93,281,2024-02-05,02:00:00,17.7,16.8,18.1,14.4,25.6,16.9,8.4
22.2,34.0,9.0,0.29,7.0,0.0,0,24.0,95,276,2024-02-05,03:00:00,18.8,24.5,15.6,20.6,21.9,18.7,14.6
16.4,29.0,9.0,0.31,7.0,0.0,1,23.0,95,337,2024-02-05,04:00:00,26.8,18.1,23.7,15.1,24.9,14.7,23.2
19.9,27.0,1.0,0.35,11.0,0.0,0,23.0,96,319,2024-02-05,05:00:00,20.0,17.6,23.0,12.2,22.2,17.1,18.2
19.5,25.0,1.0,0.35,8.0,0.0,1,23.0,96,302,2024-02-05,06:00:00,22.2,21.6,20.9,13.1,17.0,18.1,21.1
15.1,23.0,2.0,0.38,9.0,0.0,0,24.0,92,5,2024-02-05,07:00:00,27.2,25.0,16.2,10.8,18.6,19.8,19.6
29.6,43.0,12.0,0.4,9.0,0.0,1,27.0,82,0,2024-02-05,08:00:00,32.5,26.7,13.0,14.7,26.9,17.1,14.7
36.8,59.0,28.0,0.38,4.0,0.0,1,29.0,71,324,2024-02-05,09:00:00,37.4,23.8,15.5,13.2,19.6,13.4,24.3
31.4,59.0,36.0,0.32,2.0,0.0,2,33.0,56,45,2024-02-05,10:00:00,33.1,23.1,18.5,10.0,14.7,15.9,21.7
22.6,54.0,36.0,0.27,1.0,0.0,2,33.0,53,64,2024-02-05,11:00:00,29.5,19.6,21.5,10.1,11.8,12.4,22.3
17.2,47.0,39.0,0.27,1.0,0.0,3,34.0,48,62,2024-02-05,12:00:00,21.9,20.6,17.5,14.2,11.4,13.3,21.9
20.5,49.0,43.0,0.25,2.0,0.0,4,35.0,44,74,2024-02-05,13:00:00,19.2,24.1,24.8,20.1,16.9,11.1,20.7
16.1,46.0,46.0,0.26,2.0,0.0,4,35.0,45,90,2024-02-05,14:00:00,14.6,32.6,33.3,20.7,21.8,21.0,22.4
11.8,38.0,47.0,0.26,2.0,1.0,4,35.0,43,76,2024-02-05,15:00:00,18.8,24.3,24.3,27.3,16.7,15.3,28.9
9.8,33.0,48.0,0.27,2.0,1.0,4,34.0,44,75,2024-02-05,16:00:00,14.3,24.6,18.3,19.9,19.5,11.5,21.3
8.0,30.0,43.0,0.28,3.0,1.0,4,33.0,52,69,2024-02-05,17:00:00,14.7,18.6,13.8,15.1,14.2,13.9,15.6
16.3,27.0,39.0,0.29,3.0,0.0,3,31.0,62,66,2024-02-05,18:00:00,10.8,14.3,10.3,18.0,12.0,11.0,17.7
11.9,25.0,33.0,0.29,3.0,0.0,3,29.0,70,68,2024-02-05,19:00:00,8.1,11.4,9.0,17.7,9.1,10.7,13.6
18.4,24.0,29.0,0.28,2.17,0.0,2,28.0,75,53,2024-02-05,20:00:00,19.3,17.1,9.2,19.3,14.0,10.7,10.3
16.2,27.0,27.0,0.2,2.0,0.15,2,27.0,80,42,2024-02-05,21:00:00,16.8,12.9,8.7,21.4,12.5,13.8,20.3
23.3,33.0,23.52,0.27,2.0,0.0,2,27.0,81,58,2024-02-05,22:00:00,24.5,10.2,12.2,16.7,9.8,10.5,15.2
20.4,39.0,24.0,0.27,2.0,0.0,2,27.0,83,36,2024-02-05,23:00:00,18.1,7.6,9.0,24.1,7.3,8.8,11.2
22.8,42.0,19.0,0.29,3.0,0.0,1,26.0,86,314,2024-02-06,00:00:00,17.6,10.3,9.3,20.8,9.8,6.7,11.9
17.3,39.0,15.0,0.36,5.0,0.0,1,25.0,90,355,2024-02-06,01:00:00,21.6,22.4,17.2,26.5,17.7,8.4,15.6
17.7,39.0,14.0,0.36,5.0,0.0,0,25.0,91,306,2024-02-06,02:00:00,25.0,18.1,14.4,25.6,16.9,14.6,24.7
18.8,33.0,8.0,0.41,7.0,0.0,0,24.0,94,308,2024-02-06,03:00:00,26.7,15.6,20.6,21.9,18.7,23.2,18.6
26.8,39.0,6.0,0.46,5.0,0.0,0,24.0,95,248,2024-02-06,04:00:00,23.8,23.7,15.1,24.9,14.7,18.2,14.4
20.0,36.0,2.0,0.51,7.0,0.0,0,24.0,96,10,2024-02-06,05:00:00,23.1,23.0,12.2,22.2,17.1,21.1,17.4
22.2,35.0,0.0,0.51,9.0,0.0,0,23.0,96,340,2024-02-06,06:00:00,19.6,20.9,13.1,17.0,18.1,19.6,24.0
27.2,32.0,1.0,0.54,10.0,0.0,0,24.0,92,323,2024-02-06,07:00:00,20.6,16.2,10.8,18.6,19.8,14.7,26.2
32.5,44.0,10.0,0.53,8.0,0.0,0,27.0,81,260,2024-02-06,08:00:00,24.1,13.0,14.7,26.9,17.1,24.3,19.9
37.4,63.0,27.0,0.42,4.0,0.0,1,31.0,64,71,2024-02-06,09:00:00,32.6,15.5,13.2,19.6,13.4,21.7,21.5
33.1,57.0,31.0,0.32,2.0,0.0,2,33.0,53,54,2024-02-06,10:00:00,24.3,18.5,10.0,14.7,15.9,22.3,16.4
29.5,54.0,29.0,0.25,2.0,0.0,3,34.0,48,45,2024-02-06,11:00:00,24.6,21.5,10.1,11.8,12.4,21.9,18.1
21.9,45.0,29.0,0.21,2.0,0.0,4,34.0,47,58,2024-02-06,12:00:00,18.6,17.5,14.2,11.4,13.3,20.7,20.8
19.2,47.0,32.0,0.2,2.0,0.0,4,34.0,46,65,2024-02-06,13:00:00,14.3,24.8,20.1,16.9,11.1,22.4,20.5
14.6,41.0,37.0,0.21,2.0,0.0,3,35.0,46,59,2024-02-06,14:00:00,11.4,33.3,20.7,21.8,21.0,28.9,15.2
18.8,35.0,39.0,0.22,2.0,0.0,3,35.0,46,57,2024-02-06,15:00:00,17.1,24.3,27.3,16.7,15.3,21.3,14.4
14.3,31.0,36.0,0.23,2.0,0.0,3,35.0,48,56,2024-02-06,16:00:00,12.9,18.3,19.9,19.5,11.5,15.6,13.1
14.7,28.0,33.0,0.27,3.0,1.0,4,33.0,54,69,2024-02-06,17:00:00,10.2,13.8,15.1,14.2,13.9,17.7,9.9
10.8,26.0,29.0,0.28,4.0,0.0,3,31.0,60,62,2024-02-06,18:00:00,7.6,10.3,18.0,12.0,11.0,13.6,8.0
8.1,24.0,25.0,0.3,2.17,0.0,3,30.0,66,53,2024-02-06,19:00:00,10.3,9.0,17.7,9.1,10.7,10.3,10.7
19.3,33.0,23.0,0.2,3.0,0.15,2,29.0,71,33,2024-02-06,20:00:00,22.4,9.2,19.3,14.0,10.7,20.3,12.7
16.8,32.0,23.52,0.31,5.0,0.0,1,28.0,76,325,2024-02-06,21:00:00,18.1,8.7,21.4,12.5,13.8,15.2,17.0
24.5,32.0,18.0,0.31,4.0,0.0,2,27.0,80,10,2024-02-06,22:00:00,15.6,12.2,16.7,9.8,10.5,11.2,12.7
18.1,25.0,18.0,0.32,3.0,0.0,2,26.0,83,19,2024-02-06,23:00:00,23.7,9.0,24.1,7.3,8.8,11.9,16.6
17.6,28.0,16.0,0.29,3.0,0.0,1,26.0,84,342,2024-02-07,00:00:00,23.0,9.3,20.8,9.8,6.7,15.6,14.0
21.6,32.0,15.0,0.31,4.0,0.0,1,26.0,86,319,2024-02-07,01:00:00,20.9,17.2,26.5,17.7,8.4,24.7,16.3
25.0,39.0,12.0,0.31,6.0,0.0,1,25.0,90,192,2024-02-07,02:00:00,16.2,14.4,25.6,16.9,14.6,18.6,21.8
26.7,33.0,9.0,0.3,5.0,0.0,0,25.0,91,268,2024-02-07,03:00:00,13.0,20.6,21.9,18.7,23.2,14.4,16.3
23.8,29.0,2.0,0.35,5.0,0.0,1,24.0,94,261,2024-02-07,04:00:00,15.5,15.1,24.9,14.7,18.2,17.4,22.6
23.1,27.0,2.0,0.39,6.0,0.0,1,24.0,95,271,2024-02-07,05:00:00,18.5,12.2,22.2,17.1,21.1,24.0,17.5
19.6,25.0,0.0,0.46,8.0,0.0,1,23.0,96,344,2024-02-07,06:00:00,21.5,13.1,17.0,18.1,19.6,26.2,21.5
20.6,26.0,1.0,0.48,8.0,0.0,1,25.0,92,285,2024-02-07,07:00:00,17.5,10.8,18.6,19.8,14.7,19.9,16.1
24.1,36.0,8.0,0.4,6.0,0.0,1,28.0,80,354,2024-02-07,08:00:00,24.8,14.7,26.9,17.1,24.3,21.5,15.5
32.6,58.0,21.0,0.25,2.0,0.0,3,31.0,65,63,2024-02-07,09:00:00,33.3,13.2,19.6,13.4,21.7,16.4,21.3
24.3,49.0,24.0,0.18,2.0,0.0,3,32.0,57,52,2024-02-07,10:00:00,24.3,10.0,14.7,15.9,22.3,18.1,16.4
24.6,42.0,25.0,0.15,1.0,0.0,3,33.0,52,55,2024-02-07,11:00:00,18.3,10.1,11.8,12.4,21.9,20.8,13.4
18.6,40.0,27.0,0.15,1.0,1.0,4,34.0,49,48,2024-02-07,12:00:00,13.8,14.2,11.4,13.3,20.7,20.5,10.5
14.3,36.0,30.0,0.16,2.0,1.0,4,34.0,46,58,2024-02-07,13:00:00,10.3,20.1,16.9,11.1,22.4,15.2,12.7
11.4,36.0,31.0,0.16,2.0,1.0,4,34.0,46,72,2024-02-07,14:00:00,9.0,20.7,21.8,21.0,28.9,14.4,18.9
17.1,31.0,33.0,0.16,1.0,1.0,3,34.0,45,55,2024-02-07,15:00:00,9.2,27.3,16.7,15.3,21.3,13.1,22.3
12.9,28.0,32.0,0.15,2.0,1.0,4,34.0,47,49,2024-02-07,16:00:00,8.7,19.9,19.5,11.5,15.6,9.9,16.6
10.2,26.0,28.0,0.14,3.0,1.0,4,32.0,52,68,2024-02-07,17:00:00,12.2,15.1,14.2,13.9,17.7,8.0,13.7
7.6,24.0,22.0,0.15,2.17,0.0,3,30.0,58,76,2024-02-07,18:00:00,9.0,18.0,12.0,11.0,13.6,10.7,10.7
10.3,26.0,17.0,0.2,4.0,0.15,3,29.0,68,94,2024-02-07,19:00:00,9.3,17.7,9.1,10.7,10.3,12.7,12.5
22.4,32.0,23.52,0.18,3.0,0.0,2,28.0,73,72,2024-02-07,20:00:00,17.2,19.3,14.0,10.7,20.3,17.0,9.6
18.1,32.0,15.0,0.16,3.0,0.0,2,27.0,76,73,2024-02-07,21:00:00,14.4,21.4,12.5,13.8,15.2,12.7,19.8
15.6,29.0,14.0,0.17,3.0,0.0,2,27.0,79,56,2024-02-07,22:00:00,20.6,16.7,9.8,10.5,11.2,16.6,22.1
23.7,35.0,14.0,0.15,2.0,0.0,1,27.0,80,5,2024-02-07,23:00:00,15.1,24.1,7.3,8.8,11.9,14.0,16.1
23.0,28.0,12.0,0.15,4.0,0.0,1,26.0,84,313,2024-02-08,00:00:00,12.2,20.8,9.8,6.7,15.6,16.3,12.4
20.9,29.0,13.0,0.18,4.0,0.0,1,25.0,87,279,2024-02-08,01:00:00,13.1,26.5,17.7,8.4,24.7,21.8,13.6
16.2,35.0,6.0,0.2,6.0,0.0,1,25.0,90,315,2024-02-08,02:00:00,10.8,25.6,16.9,14.6,18.6,16.3,11.1
13.0,30.0,2.0,0.22,8.0,0.0,1,24.0,92,347,2024-02-08,03:00:00,14.7,21.9,18.7,23.2,14.4,22.6,12.2
15.5,27.0,2.0,0.29,9.0,0.0,0,24.0,91,328,2024-02-08,04:00:00,13.2,24.9,14.7,18.2,17.4,17.5,17.7
18.5,35.0,0.0,0.31,10.0,0.0,0,24.0,94,252,2024-02-08,05:00:00,10.0,22.2,17.1,21.1,24.0,21.5,17.4
21.5,34.0,0.0,0.31,7.0,0.0,0,23.0,95,312,2024-02-08,06:00:00,10.1,17.0,18.1,19.6,26.2,16.1,13.5
17.5,28.0,1.0,0.38,8.0,0.0,0,25.0,89,355,2024-02-08,07:00:00,14.2,18.6,19.8,14.7,19.9,15.5,11.1
24.8,51.0,8.0,0.35,5.0,0.0,1,28.0,74,56,2024-02-08,08:00:00,20.1,26.9,17.1,24.3,21.5,21.3,12.7
33.3,54.0,18.0,0.26,3.0,0.0,1,31.0,60,78,2024-02-08,09:00:00,20.7,19.6,13.4,21.7,16.4,16.4,16.6
24.3,53.0,27.0,0.23,3.0,0.0,1,33.0,52,52,2024-02-08,10:00:00,27.3,14.7,15.9,22.3,18.1,13.4,12.3
18.3,44.0,22.0,0.17,2.0,0.0,2,34.0,44,48,2024-02-08,11:00:00,19.9,11.8,12.4,21.9,20.8,10.5,11.3
13.8,41.0,26.0,0.13,1.0,1.0,3,35.0,43,44,2024-02-08,12:00:00,15.1,11.4,13.3,20.7,20.5,12.7,14.7
10.3,36.0,29.0,0.13,1.0,1.0,3,35.0,43,41,2024-02-08,13:00:00,18.0,16.9,11.1,22.4,15.2,18.9,11.3
9.0,31.0,35.0,0.15,1.0,1.0,3,35.0,45,56,2024-02-08,14:00:00,17.7,21.8,21.0,28.9,14.4,22.3,13.4
9.2,31.0,38.0,0.15,2.0,1.0,3,35.0,46,40,2024-02-08,15:00:00,19.3,16.7,15.3,21.3,13.1,16.6,19.2
8.7,28.0,35.0,0.16,2.0,1.0,3,34.0,48,58,2024-02-08,16:00:00,21.4,19.5,11.5,15.6,9.9,13.7,14.6
12.2,26.0,32.0,0.18,2.17,1.0,3,33.0,53,59,2024-02-08,17:00:00,16.7,14.2,13.9,17.7,8.0,10.7,11.5
9.0,24.0,27.0,0.2,4.0,0.15,3,31.0,61,62,2024-02-08,18:00:00,24.1,12.0,11.0,13.6,10.7,12.5,8.7
9.3,23.0,23.52,0.17,3.0,1.0,4,30.0,69,53,2024-02-08,19:00:00,20.8,9.1,10.7,10.3,12.7,9.6,10.4
17.2,26.0,20.0,0.16,3.0,1.0,4,29.0,73,52,2024-02-08,20:00:00,26.5,14.0,10.7,20.3,17.0,19.8,8.0
14.4,25.0,16.0,0.14,3.0,1.0,4,28.0,75,47,2024-02-08,21:00:00,25.6,12.5,13.8,15.2,12.7,22.1,7.3
20.6,28.0,15.0,0.14,2.0,1.0,2,28.0,76,26,2024-02-08,22:00:00,21.9,9.8,10.5,11.2,16.6,16.1,11.2
15.1,25.0,14.0,0.13,2.0,1.0,4,27.0,78,34,2024-02-08,23:00:00,24.9,7.3,8.8,11.9,14.0,12.4,9.0
12.2,23.0,16.0,0.2,2.0,0.0,3,27.0,80,33,2024-02-09,00:00:00,22.2,9.8,6.7,15.6,16.3,13.6,6.7
13.1,28.0,11.0,0.24,2.0,0.0,1,26.0,83,49,2024-02-09,01:00:00,17.0,17.7,8.4,24.7,21.8,11.1,7.4
10.8,26.0,8.0,0.25,4.0,0.0,1,26.0,86,349,2024-02-09,02:00:00,18.6,16.9,14.6,18.6,16.3,12.2,13.2
14.7,25.0,9.0,0.24,3.0,0.0,2,26.0,87,6,2024-02-09,03:00:00,26.9,18.7,23.2,14.4,22.6,17.7,12.5
13.2,23.0,11.0,0.24,2.0,0.0,1,26.0,87,85,2024-02-09,04:00:00,19.6,14.7,18.2,17.4,17.5,17.4,17.1
10.0,22.0,8.0,0.27,5.0,0.0,1,25.0,89,74,2024-02-09,05:00:00,14.7,17.1,21.1,24.0,21.5,13.5,17.9
10.1,22.0,4.0,0.29,6.0,0.0,0,25.0,92,196,2024-02-09,06:00:00,11.8,18.1,19.6,26.2,16.1,11.1,13.4
14.2,28.0,1.0,0.32,7.0,0.0,1,25.0,90,275,2024-02-09,07:00:00,11.4,19.8,14.7,19.9,15.5,12.7,12.8
20.1,31.0,9.0,0.31,4.0,0.0,1,28.0,78,17,2024-02-09,08:00:00,16.9,17.1,24.3,21.5,21.3,16.6,11.2
20.7,30.0,19.0,0.29,2.0,0.0,2,31.0,64,73,2024-02-09,09:00:00,21.8,13.4,21.7,16.4,16.4,12.3,24.8
27.3,37.0,27.0,0.26,1.0,0.0,5,32.0,57,61,2024-02-09,10:00:00,16.7,15.9,22.3,18.1,13.4,11.3,18.6
19.9,39.0,29.0,0.24,1.0,0.0,3,32.0,57,75,2024-02-09,11:00:00,19.5,12.4,21.9,20.8,10.5,14.7,13.9
15.1,35.0,32.0,0.24,1.0,0.0,4,33.0,53,61,2024-02-09,12:00:00,14.2,13.3,20.7,20.5,12.7,11.3,13.0
18.0,39.0,34.0,0.24,1.0,0.0,4,34.0,52,63,2024-02-09,13:00:00,12.0,11.1,22.4,15.2,18.9,13.4,15.4
17.7,47.0,36.0,0.26,1.0,0.0,4,34.0,52,65,2024-02-09,14:00:00,9.1,21.0,28.9,14.4,22.3,19.2,16.6
19.3,39.0,41.0,0.28,1.0,1.0,4,33.0,52,47,2024-02-09,15:00:00,14.0,15.3,21.3,13.1,16.6,14.6,16.9
21.4,34.0,42.0,0.29,2.17,1.0,4,33.0,54,70,2024-02-09,16:00:00,12.5,11.5,15.6,9.9,13.7,11.5,25.4
16.7,30.0,38.0,0.2,3.0,0.15,4,32.0,57,68,2024-02-09,17:00:00,9.8,13.9,17.7,8.0,10.7,8.7,18.4
24.1,37.0,23.52,0.3,2.0,0.0,4,30.0,62,72,2024-02-09,18:00:00,7.3,11.0,13.6,10.7,12.5,10.4,15.7
20.8,27.0,26.0,0.28,2.0,0.0,3,29.0,68,65,2024-02-09,19:00:00,9.8,10.7,10.3,12.7,9.6,8.0,13.6
26.5,32.0,24.0,0.27,2.0,0.0,3,28.0,72,77,2024-02-09,20:00:00,17.7,10.7,20.3,17.0,19.8,7.3,11.0
25.6,36.0,22.0,0.25,2.0,1.0,3,28.0,75,48,2024-02-09,21:00:00,16.9,13.8,15.2,12.7,22.1,11.2,18.6
21.9,41.0,21.0,0.23,1.0,1.0,2,27.0,75,34,2024-02-09,22:00:00,18.7,10.5,11.2,16.6,16.1,9.0,14.5
24.9,35.0,23.0,0.22,1.0,1.0,3,27.0,77,44,2024-02-09,23:00:00,14.7,8.8,11.9,14.0,12.4,6.7,13.7
22.2,39.0,21.0,0.2,1.0,0.0,3,27.0,78,46,2024-02-10,00:00:00,17.1,6.7,15.6,16.3,13.6,7.4,13.5
17.0,34.0,20.0,0.21,1.0,0.0,3,26.0,79,19,2024-02-10,01:00:00,18.1,8.4,24.7,21.8,11.1,13.2,9.9
18.6,44.0,20.0,0.19,1.0,0.0,4,26.0,80,21,2024-02-10,02:00:00,19.8,14.6,18.6,16.3,12.2,12.5,15.6
26.9,37.0,20.0,0.2,1.0,0.0,4,26.0,79,22,2024-02-10,03:00:00,17.1,23.2,14.4,22.6,17.7,17.1,16.5
19.6,32.0,20.0,0.19,1.0,0.0,2,26.0,78,46,2024-02-10,04:00:00,13.4,18.2,17.4,17.5,17.4,17.9,21.2
14.7,28.0,17.0,0.22,3.0,0.0,1,26.0,81,341,2024-02-10,05:00:00,15.9,21.1,24.0,21.5,13.5,13.4,18.9
11.8,26.0,11.0,0.25,6.0,0.0,1,24.0,87,306,2024-02-10,06:00:00,12.4,19.6,26.2,16.1,11.1,12.8,14.5
11.4,24.0,11.0,0.27,6.0,0.0,1,26.0,81,305,2024-02-10,07:00:00,13.3,14.7,19.9,15.5,12.7,11.2,14.3
16.9,23.0,17.0,0.23,2.0,0.0,3,29.0,69,44,2024-02-10,08:00:00,11.1,24.3,21.5,21.3,16.6,24.8,12.9
21.8,44.0,20.0,0.14,2.0,0.0,5,31.0,62,52,2024-02-10,09:00:00,21.0,21.7,16.4,16.4,12.3,18.6,13.4
16.7,42.0,23.0,0.14,2.0,0.0,5,32.0,58,66,2024-02-10,10:00:00,15.3,22.3,18.1,13.4,11.3,13.9,11.2
19.5,36.0,26.0,0.14,1.0,0.0,5,32.0,56,66,2024-02-10,11:00:00,11.5,21.9,20.8,10.5,14.7,13.0,12.1
14.2,36.0,28.0,0.15,2.0,0.0,7,33.0,50,71,2024-02-10,12:00:00,13.9,20.7,20.5,12.7,11.3,15.4,9.8
12.0,36.0,27.0,0.14,2.0,0.0,6,33.0,50,75,2024-02-10,13:00:00,11.0,22.4,15.2,18.9,13.4,16.6,18.8
9.1,40.0,28.0,0.15,2.0,0.0,7,33.0,47,66,2024-02-10,14:00:00,10.7,28.9,14.4,22.3,19.2,16.9,14.6
14.0,34.0,28.0,0.15,2.17,1.0,6,33.0,48,62,2024-02-10,15:00:00,10.7,21.3,13.1,16.6,14.6,25.4,18.1
12.5,31.0,31.0,0.2,2.0,0.15,6,32.0,50,63,2024-02-10,16:00:00,13.8,15.6,9.9,13.7,11.5,18.4,15.7
9.8,28.0,23.52,0.14,2.0,0.0,6,31.0,55,61,2024-02-10,17:00:00,10.5,17.7,8.0,10.7,8.7,15.7,16.7
7.3,26.0,29.0,0.14,2.0,0.0,5,29.0,61,73,2024-02-10,18:00:00,8.8,13.6,10.7,12.5,10.4,13.6,12.6
9.8,24.0,26.0,0.15,2.0,0.0,4,28.0,68,57,2024-02-10,19:00:00,6.7,10.3,12.7,9.6,8.0,11.0,11.1
17.7,30.0,25.0,0.16,2.0,1.0,3,28.0,72,46,2024-02-10,20:00:00,8.4,20.3,17.0,19.8,7.3,18.6,13.8
16.9,38.0,24.0,0.15,2.0,1.0,3,28.0,74,45,2024-02-10,21:00:00,14.6,15.2,12.7,22.1,11.2,14.5,11.0
18.7,43.0,26.0,0.15,2.0,1.0,3,27.0,78,45,2024-02-10,22:00:00,23.2,11.2,16.6,16.1,9.0,13.7,9.1
14.7,46.0,24.0,0.14,1.0,1.0,3,27.0,77,45,2024-02-10,23:00:00,18.2,11.9,14.0,12.4,6.7,13.5,11.0
17.1,54.0,26.0,0.16,1.0,0.0,3,27.0,76,50,2024-02-11,00:00:00,21.1,15.6,16.3,13.6,7.4,9.9,8.2
18.1,50.0,30.0,0.22,2.0,0.0,3,27.0,75,47,2024-02-11,01:00:00,19.6,24.7,21.8,11.1,13.2,15.6,6.2
19.8,62.0,31.0,0.23,1.0,0.0,3,27.0,77,35,2024-02-11,02:00:00,14.7,18.6,16.3,12.2,12.5,16.5,8.7
17.1,49.0,31.0,0.24,1.0,0.0,3,26.0,78,37,2024-02-11,03:00:00,24.3,14.4,22.6,17.7,17.1,21.2,15.1
13.4,47.0,31.0,0.26,1.0,0.0,3,26.0,78,37,2024-02-11,04:00:00,21.7,17.4,17.5,17.4,17.9,18.9,16.6
15.9,46.0,30.0,0.26,2.0,0.0,3,26.0,79,49,2024-02-11,05:00:00,22.3,24.0,21.5,13.5,13.4,14.5,15.0
12.4,51.0,32.0,0.25,2.0,0.0,3,26.0,77,47,2024-02-11,06:00:00,21.9,26.2,16.1,11.1,12.8,14.3,19.7
13.3,56.0,32.0,0.25,2.0,0.0,4,26.0,76,50,2024-02-11,07:00:00,20.7,19.9,15.5,12.7,11.2,12.9,15.3
11.1,56.0,32.0,0.26,2.0,0.0,3,28.0,73,42,2024-02-11,08:00:00,22.4,21.5,21.3,16.6,24.8,13.4,17.9
21.0,57.0,37.0,0.26,2.0,0.0,5,30.0,60,68,2024-02-11,09:00:00,28.9,16.4,16.4,12.3,18.6,11.2,17.1
15.3,46.0,38.0,0.26,2.0,0.0,6,31.0,57,62,2024-02-11,10:00:00,21.3,18.1,13.4,11.3,13.9,12.1,15.2
11.5,38.0,38.0,0.25,1.0,0.0,6,31.0,58,61,2024-02-11,11:00:00,15.6,20.8,10.5,14.7,13.0,9.8,19.0
13.9,41.0,38.0,0.24,1.0,0.0,7,32.0,50,69,2024-02-11,12:00:00,17.7,20.5,12.7,11.3,15.4,18.8,15.6
11.0,40.0,39.0,0.24,2.0,0.0,7,32.0,51,68,2024-02-11,13:00:00,13.6,15.2,18.9,13.4,16.6,14.6,17.7
10.7,39.0,39.0,0.24,2.17,0.0,7,31.0,51,65,2024-02-11,14:00:00,10.3,14.4,22.3,19.2,16.9,18.1,21.4
10.7,34.0,38.0,0.2,2.0,0.15,6,31.0,53,72,2024-02-11,15:00:00,20.3,13.1,16.6,14.6,25.4,15.7,16.3
13.8,30.0,23.52,0.25,2.0,0.0,6,31.0,53,70,2024-02-11,16:00:00,15.2,9.9,13.7,11.5,18.4,16.7,12.2
