,DATETIMEDATA,PM25,PM10,O3,CO,NO2,SO2,WS,TEMP,RH,WD
0,2023-12-01 00:00:00,23.3,,,,,,0,27,74,0
1,2023-12-01 01:00:00,22.3,,,,,,0,27,76,0
2,2023-12-01 02:00:00,21.3,,,,,,0,27,76,0
3,2023-12-01 03:00:00,20.1,,,,,,0,27,75,0
4,2023-12-01 04:00:00,20.6,,,,,,0,27,74,0
5,2023-12-01 05:00:00,16.2,,,,,,0,27,74,0
6,2023-12-01 06:00:00,15.5,,,,,,0,27,73,0
7,2023-12-01 07:00:00,20.4,,,,,,0,28,72,0
8,2023-12-01 08:00:00,20.6,,,,,,0,29,71,0
9,2023-12-01 09:00:00,26.9,,,,,,0,31,66,0
10,2023-12-01 10:00:00,21.4,,,,,,0,33,61,0
11,2023-12-01 11:00:00,5.5,,,,,,0,33,60,0
12,2023-12-01 12:00:00,10.8,,,,,,0,33,63,0
13,2023-12-01 13:00:00,10.9,,,,,,0,32,66,0
14,2023-12-01 14:00:00,10.0,,,,,,0,32,68,0
15,2023-12-01 15:00:00,,,,,,,0,30,78,0
16,2023-12-01 16:00:00,13.1,,,,,,0,30,74,0
17,2023-12-01 17:00:00,15.8,,,,,,0,30,76,0
18,2023-12-01 18:00:00,9.1,,,,,,0,29,79,0
19,2023-12-01 19:00:00,24.2,,,,,,0,29,81,0
20,2023-12-01 20:00:00,22.1,,,,,,0,28,80,0
21,2023-12-01 21:00:00,17.1,,,,,,0,28,81,0
22,2023-12-01 22:00:00,19.6,,,,,,0,27,82,0
23,2023-12-01 23:00:00,21.2,,,,,,0,27,81,0
24,2023-12-02 00:00:00,15.6,,,,,,0,27,83,0
25,2023-12-02 01:00:00,18.2,,,,,,0,27,82,0
26,2023-12-02 02:00:00,8.8,,,,,,0,26,80,0
27,2023-12-02 03:00:00,10.2,,,,,,0,26,82,0
28,2023-12-02 04:00:00,8.3,,,,,,0,26,81,0
29,2023-12-02 05:00:00,6.4,,,,,,0,26,80,0
30,2023-12-02 06:00:00,8.4,,,,,,0,26,79,0
31,2023-12-02 07:00:00,8.3,,,,,,0,27,77,0
32,2023-12-02 08:00:00,19.7,,,,,,0,28,73,0
33,2023-12-02 09:00:00,18.9,,,,,,0,30,70,0
34,2023-12-02 10:00:00,18.3,,,,,,0,31,66,0
35,2023-12-02 11:00:00,15.8,,,,,,0,32,60,0
36,2023-12-02 12:00:00,9.3,,,,,,0,33,58,0
37,2023-12-02 13:00:00,16.8,,,,,,0,33,58,0
38,2023-12-02 14:00:00,9.8,,,,,,0,33,57,0
39,2023-12-02 15:00:00,7.1,,,,,,0,33,58,0
40,2023-12-02 16:00:00,1.3,,,,,,0,33,58,0
41,2023-12-02 17:00:00,7.3,,,,,,0,32,59,0
42,2023-12-02 18:00:00,9.0,,,,,,0,31,63,0
43,2023-12-02 19:00:00,26.5,,,,,,0,30,66,0
44,2023-12-02 20:00:00,20.2,,,,,,0,29,68,0
45,2023-12-02 21:00:00,13.3,,,,,,0,29,71,0
46,2023-12-02 22:00:00,9.8,,,,,,0,28,72,0
47,2023-12-02 23:00:00,15.9,,,,,,0,28,74,0
48,2023-12-03 00:00:00,14.4,,,,,,0,28,77,0
49,2023-12-03 01:00:00,11.5,,,,,,0,27,79,0
50,2023-12-03 02:00:00,11.0,,,,,,0,27,81,0
51,2023-12-03 03:00:00,8.2,,,,,,0,27,79,0
52,2023-12-03 04:00:00,10.7,,,,,,0,27,76,0
53,2023-12-03 05:00:00,7.0,,,,,,0,27,74,0
54,2023-12-03 06:00:00,12.5,,,,,,0,27,76,0
55,2023-12-03 07:00:00,10.3,,,,,,0,27,76,0
56,2023-12-03 08:00:00,13.8,,,,,,0,28,73,0
57,2023-12-03 09:00:00,19.5,,,,,,0,30,67,0
58,2023-12-03 10:00:00,15.7,,,,,,0,32,63,0
59,2023-12-03 11:00:00,8.7,,,,,,0,32,62,0
60,2023-12-03 12:00:00,6.5,,,,,,0,32,62,0
61,2023-12-03 13:00:00,,,,,,,0,31,67,0
62,2023-12-03 14:00:00,5.2,,,,,,0,32,65,0
63,2023-12-03 15:00:00,10.9,,,,,,0,32,62,0
64,2023-12-03 16:00:00,1.9,,,,,,0,32,63,0
65,2023-12-03 17:00:00,4.9,,,,,,0,31,66,0
66,2023-12-03 18:00:00,6.7,,,,,,0,30,69,0
67,2023-12-03 19:00:00,7.5,,,,,,0,30,69,0
68,2023-12-03 20:00:00,15.2,,,,,,0,29,68,0
69,2023-12-03 21:00:00,15.6,,,,,,0,29,71,0
70,2023-12-03 22:00:00,13.1,,,,,,0,29,73,0
71,2023-12-03 23:00:00,15.8,,,,,,0,28,75,0
72,2023-12-04 00:00:00,10.3,,,,,,0,28,76,0
73,2023-12-04 01:00:00,15.1,,,,,,0,28,77,0
74,2023-12-04 02:00:00,9.1,,,,,,0,28,80,0
75,2023-12-04 03:00:00,18.5,,,,,,0,28,79,0
76,2023-12-04 04:00:00,15.9,,,,,,0,26,85,0
77,2023-12-04 05:00:00,10.9,,,,,,0,26,90,0
78,2023-12-04 06:00:00,17.1,,,,,,0,26,90,0
79,2023-12-04 07:00:00,15.7,,,,,,0,26,85,0
80,2023-12-04 08:00:00,18.6,,,,,,0,28,79,0
81,2023-12-04 09:00:00,13.3,,,,,,0,29,74,0
82,2023-12-04 10:00:00,12.6,,,,,,0,30,69,0
83,2023-12-04 11:00:00,14.0,,,,,,0,31,66,0
84,2023-12-04 12:00:00,14.8,,,,,,0,32,63,0
85,2023-12-04 13:00:00,15.0,,,,,,0,33,62,0
86,2023-12-04 14:00:00,6.8,,,,,,0,33,63,0
87,2023-12-04 15:00:00,3.7,,,,,,0,32,67,0
88,2023-12-04 16:00:00,1.2,,,,,,0,31,69,0
89,2023-12-04 17:00:00,1.5,,,,,,0,30,73,0
90,2023-12-04 18:00:00,5.1,,,,,,0,28,75,0
91,2023-12-04 19:00:00,7.9,,,,,,0,27,76,0
92,2023-12-04 20:00:00,16.1,,,,,,0,27,81,0
93,2023-12-04 21:00:00,15.4,,,,,,0,26,83,0
94,2023-12-04 22:00:00,20.6,,,,,,0,26,84,0
95,2023-12-04 23:00:00,25.2,,,,,,0,26,84,0
96,2023-12-05 00:00:00,24.0,,,,,,0,26,84,0
97,2023-12-05 01:00:00,20.4,,,,,,0,26,84,0
98,2023-12-05 02:00:00,20.9,,,,,,0,26,84,0
99,2023-12-05 03:00:00,19.1,,,,,,0,27,83,0
100,2023-12-05 04:00:00,,,,,,,0,26,86,0
101,2023-12-05 05:00:00,8.0,,,,,,0,26,88,0
102,2023-12-05 06:00:00,4.1,,,,,,0,25,89,0
103,2023-12-05 07:00:00,11.5,,,,,,0,26,88,0
104,2023-12-05 08:00:00,22.3,,,,,,0,27,83,0
105,2023-12-05 09:00:00,23.0,,,,,,0,29,75,0
106,2023-12-05 10:00:00,21.6,,,,,,0,31,66,0
107,2023-12-05 11:00:00,12.6,,,,,,0,32,65,0
108,2023-12-05 12:00:00,21.1,,,,,,0,32,68,0
109,2023-12-05 13:00:00,16.6,,,,,,0,32,68,0
110,2023-12-05 14:00:00,12.8,,,,,,0,32,68,0
111,2023-12-05 15:00:00,8.4,,,,,,0,31,70,0
112,2023-12-05 16:00:00,7.8,,,,,,0,31,73,0
113,2023-12-05 17:00:00,,,,,,,0,26,84,0
114,2023-12-05 18:00:00,14.0,,,,,,0,26,89,0
115,2023-12-05 19:00:00,27.0,,,,,,0,26,88,0
116,2023-12-05 20:00:00,23.5,,,,,,0,26,88,0
117,2023-12-05 21:00:00,21.4,,,,,,0,27,88,0
118,2023-12-05 22:00:00,21.8,,,,,,0,26,88,0
119,2023-12-05 23:00:00,23.8,,,,,,0,26,88,0
120,2023-12-06 00:00:00,14.6,,,,,,0,26,88,0
121,2023-12-06 01:00:00,23.5,,,,,,0,26,89,0
122,2023-12-06 02:00:00,19.3,,,,,,0,25,89,0
123,2023-12-06 03:00:00,15.3,,,,,,0,25,89,0
124,2023-12-06 04:00:00,18.7,,,,,,0,25,89,0
125,2023-12-06 05:00:00,17.8,,,,,,0,25,89,0
126,2023-12-06 06:00:00,21.3,,,,,,0,25,89,0
127,2023-12-06 07:00:00,16.7,,,,,,0,27,84,0
128,2023-12-06 08:00:00,30.1,,,,,,0,29,78,0
129,2023-12-06 09:00:00,22.1,,,,,,0,31,70,0
130,2023-12-06 10:00:00,22.5,,,,,,0,31,74,0
131,2023-12-06 11:00:00,15.5,,,,,,0,31,75,0
132,2023-12-06 12:00:00,18.7,,,,,,0,31,71,0
133,2023-12-06 13:00:00,9.1,,,,,,0,31,70,0
134,2023-12-06 14:00:00,7.1,,,,,,0,32,68,0
135,2023-12-06 15:00:00,8.0,,,,,,0,31,71,0
136,2023-12-06 16:00:00,5.2,,,,,,0,30,74,0
137,2023-12-06 17:00:00,12.9,,,,,,0,30,75,0
138,2023-12-06 18:00:00,14.5,,,,,,0,29,76,0
139,2023-12-06 19:00:00,20.8,,,,,,0,29,77,0
140,2023-12-06 20:00:00,43.1,,,,,,0,29,80,0
141,2023-12-06 21:00:00,41.6,,,,,,0,28,83,0
142,2023-12-06 22:00:00,35.4,,,,,,0,28,84,0
143,2023-12-06 23:00:00,35.3,,,,,,0,27,85,0
144,2023-12-07 00:00:00,26.8,,,,,,0,27,86,0
145,2023-12-07 01:00:00,27.7,,,,,,0,27,87,0
146,2023-12-07 02:00:00,38.5,,,,,,0,26,87,0
147,2023-12-07 03:00:00,45.0,,,,,,0,26,87,0
148,2023-12-07 04:00:00,39.3,,,,,,0,26,88,0
149,2023-12-07 05:00:00,32.3,,,,,,0,26,88,0
150,2023-12-07 06:00:00,27.5,,,,,,0,26,87,0
151,2023-12-07 07:00:00,27.6,,,,,,0,26,86,0
152,2023-12-07 08:00:00,29.9,,,,,,0,28,75,0
153,2023-12-07 09:00:00,16.1,,,,,,0,30,68,0
154,2023-12-07 10:00:00,14.3,,,,,,0,31,65,0
155,2023-12-07 11:00:00,11.6,,,,,,0,32,62,0
156,2023-12-07 12:00:00,2.9,,,,,,0,31,68,0
157,2023-12-07 13:00:00,17.9,,,,,,0,32,67,0
158,2023-12-07 14:00:00,10.1,,,,,,0,32,67,0
159,2023-12-07 15:00:00,7.5,,,,,,0,31,68,0
160,2023-12-07 16:00:00,11.0,,,,,,0,31,70,0
161,2023-12-07 17:00:00,10.9,,,,,,0,29,73,0
162,2023-12-07 18:00:00,18.0,,,,,,0,29,77,0
163,2023-12-07 19:00:00,24.0,,,,,,0,27,82,0
164,2023-12-07 20:00:00,17.7,,,,,,0,26,90,0
165,2023-12-07 21:00:00,20.2,,,,,,0,26,90,0
166,2023-12-07 22:00:00,12.3,,,,,,0,26,88,0
167,2023-12-07 23:00:00,17.2,,,,,,0,25,89,0
168,2023-12-08 00:00:00,17.2,,,,,,0,25,89,0
169,2023-12-08 01:00:00,19.1,,,,,,0,25,88,0
170,2023-12-08 02:00:00,18.5,,,,,,0,25,88,0
171,2023-12-08 03:00:00,20.6,,,,,,0,24,88,0
172,2023-12-08 04:00:00,20.9,,,,,,0,24,87,0
173,2023-12-08 05:00:00,22.0,,,,,,0,24,87,0
174,2023-12-08 06:00:00,25.0,,,,,,0,24,87,0
175,2023-12-08 07:00:00,22.3,,,,,,0,26,82,0
176,2023-12-08 08:00:00,32.2,,,,,,0,29,73,0
177,2023-12-08 09:00:00,20.1,,,,,,0,30,67,0
178,2023-12-08 10:00:00,25.5,,,,,,0,32,63,0
179,2023-12-08 11:00:00,13.4,,,,,,0,32,64,0
180,2023-12-08 12:00:00,17.2,,,,,,0,32,62,0
181,2023-12-08 13:00:00,15.0,,,,,,0,32,63,0
182,2023-12-08 14:00:00,10.8,,,,,,0,32,64,0
183,2023-12-08 15:00:00,11.3,,,,,,0,31,64,0
184,2023-12-08 16:00:00,5.6,,,,,,0,30,68,0
185,2023-12-08 17:00:00,9.5,,,,,,0,30,70,0
186,2023-12-08 18:00:00,6.9,,,,,,0,29,72,0
187,2023-12-08 19:00:00,13.8,,,,,,0,29,73,0
188,2023-12-08 20:00:00,21.0,,,,,,0,28,75,0
189,2023-12-08 21:00:00,22.0,,,,,,0,28,75,0
190,2023-12-08 22:00:00,40.3,,,,,,0,27,77,0
191,2023-12-08 23:00:00,31.0,,,,,,0,27,80,0
192,2023-12-09 00:00:00,24.5,,,,,,0,26,83,0
193,2023-12-09 01:00:00,28.6,,,,,,0,26,83,0
194,2023-12-09 02:00:00,30.0,,,,,,0,26,85,0
195,2023-12-09 03:00:00,22.7,,,,,,0,25,85,0
196,2023-12-09 04:00:00,24.8,,,,,,0,25,85,0
197,2023-12-09 05:00:00,29.1,,,,,,0,25,86,0
198,2023-12-09 06:00:00,27.1,,,,,,0,25,87,0
199,2023-12-09 07:00:00,24.5,,,,,,0,26,83,0
200,2023-12-09 08:00:00,30.9,,,,,,0,28,76,0
201,2023-12-09 09:00:00,37.5,,,,,,0,31,68,0
202,2023-12-09 10:00:00,29.9,,,,,,0,32,65,0
203,2023-12-09 11:00:00,20.5,,,,,,0,32,68,0
204,2023-12-09 12:00:00,20.4,,,,,,0,32,67,0
205,2023-12-09 13:00:00,23.3,,,,,,0,31,67,0
206,2023-12-09 14:00:00,16.8,,,,,,0,31,68,0
207,2023-12-09 15:00:00,17.0,,,,,,0,31,67,0
208,2023-12-09 16:00:00,15.1,,,,,,0,31,69,0
209,2023-12-09 17:00:00,18.6,,,,,,0,29,74,0
210,2023-12-09 18:00:00,22.2,,,,,,0,29,77,0
211,2023-12-09 19:00:00,27.9,,,,,,0,29,76,0
212,2023-12-09 20:00:00,49.7,,,,,,0,28,78,0
213,2023-12-09 21:00:00,51.4,,,,,,0,28,80,0
214,2023-12-09 22:00:00,35.9,,,,,,0,27,82,0
215,2023-12-09 23:00:00,34.7,,,,,,0,27,83,0
216,2023-12-10 00:00:00,45.7,,,,,,0,26,84,0
217,2023-12-10 01:00:00,50.9,,,,,,0,26,87,0
218,2023-12-10 02:00:00,48.0,,,,,,0,25,88,0
219,2023-12-10 03:00:00,51.6,,,,,,0,25,88,0
220,2023-12-10 04:00:00,56.1,,,,,,0,25,88,0
221,2023-12-10 05:00:00,55.8,,,,,,0,25,88,0
222,2023-12-10 06:00:00,49.3,,,,,,0,25,88,0
223,2023-12-10 07:00:00,36.9,,,,,,0,27,82,0
224,2023-12-10 08:00:00,44.0,,,,,,0,30,72,0
225,2023-12-10 09:00:00,47.0,,,,,,0,31,68,0
226,2023-12-10 10:00:00,,,,,,,0,31,67,0
227,2023-12-10 11:00:00,36.0,,,,,,0,32,65,0
228,2023-12-10 12:00:00,32.0,,,,,,0,32,66,0
229,2023-12-10 13:00:00,27.0,,,,,,0,31,67,0
230,2023-12-10 14:00:00,34.7,,,,,,0,31,68,0
231,2023-12-10 15:00:00,28.8,,,,,,0,31,71,0
232,2023-12-10 16:00:00,28.6,,,,,,0,31,72,0
233,2023-12-10 17:00:00,28.6,,,,,,0,30,75,0
234,2023-12-10 18:00:00,28.8,,,,,,0,29,76,0
235,2023-12-10 19:00:00,31.3,,,,,,0,29,77,0
236,2023-12-10 20:00:00,32.9,,,,,,0,29,77,0
237,2023-12-10 21:00:00,24.7,,,,,,0,29,78,0
238,2023-12-10 22:00:00,28.2,,,,,,0,28,79,0
239,2023-12-10 23:00:00,50.0,,,,,,0,27,84,0
240,2023-12-11 00:00:00,54.0,,,,,,0,27,86,0
241,2023-12-11 01:00:00,59.1,,,,,,0,26,86,0
242,2023-12-11 02:00:00,49.4,,,,,,0,26,87,0
243,2023-12-11 03:00:00,43.2,,,,,,0,26,87,0
244,2023-12-11 04:00:00,42.5,,,,,,0,26,87,0
245,2023-12-11 05:00:00,42.2,,,,,,0,25,88,0
246,2023-12-11 06:00:00,41.6,,,,,,0,25,89,0
247,2023-12-11 07:00:00,39.4,,,,,,0,26,86,0
248,2023-12-11 08:00:00,45.9,,,,,,0,29,80,0
249,2023-12-11 09:00:00,34.8,,,,,,0,31,71,0
250,2023-12-11 10:00:00,29.6,,,,,,0,31,70,0
251,2023-12-11 11:00:00,22.8,,,,,,0,31,69,0
252,2023-12-11 12:00:00,27.6,,,,,,0,32,69,0
253,2023-12-11 13:00:00,21.8,,,,,,0,31,71,0
254,2023-12-11 14:00:00,22.0,,,,,,0,31,72,0
255,2023-12-11 15:00:00,18.3,,,,,,0,31,71,0
256,2023-12-11 16:00:00,13.6,,,,,,0,30,72,0
257,2023-12-11 17:00:00,19.3,,,,,,0,30,74,0
258,2023-12-11 18:00:00,23.0,,,,,,0,29,75,0
259,2023-12-11 19:00:00,29.6,,,,,,0,29,76,0
260,2023-12-11 20:00:00,31.7,,,,,,0,28,79,0
261,2023-12-11 21:00:00,47.0,,,,,,0,28,81,0
262,2023-12-11 22:00:00,41.6,,,,,,0,28,81,0
263,2023-12-11 23:00:00,49.7,,,,,,0,27,83,0
264,2023-12-12 00:00:00,52.3,,,,,,0,27,84,0
265,2023-12-12 01:00:00,49.7,,,,,,0,26,86,0
266,2023-12-12 02:00:00,54.1,,,,,,0,26,87,0
267,2023-12-12 03:00:00,52.1,,,,,,0,26,87,0
268,2023-12-12 04:00:00,50.5,,,,,,0,25,88,0
269,2023-12-12 05:00:00,38.9,,,,,,0,25,88,0
270,2023-12-12 06:00:00,41.0,,,,,,0,25,88,0
271,2023-12-12 07:00:00,41.0,,,,,,0,26,85,0
272,2023-12-12 08:00:00,42.0,,,,,,0,29,77,0
273,2023-12-12 09:00:00,40.3,,,,,,0,31,70,0
274,2023-12-12 10:00:00,26.4,,,,,,0,32,68,0
275,2023-12-12 11:00:00,27.0,,,,,,0,32,68,0
276,2023-12-12 12:00:00,28.8,,,,,,0,32,67,0
277,2023-12-12 13:00:00,20.3,,,,,,0,32,66,0
278,2023-12-12 14:00:00,22.1,,,,,,0,32,67,0
279,2023-12-12 15:00:00,22.0,,,,,,0,32,68,0
280,2023-12-12 16:00:00,22.0,,,,,,0,31,70,0
281,2023-12-12 17:00:00,26.9,,,,,,0,30,74,0
282,2023-12-12 18:00:00,28.0,,,,,,0,29,75,0
283,2023-12-12 19:00:00,29.7,,,,,,0,29,76,0
284,2023-12-12 20:00:00,39.5,,,,,,0,29,78,0
285,2023-12-12 21:00:00,39.9,,,,,,0,28,80,0
286,2023-12-12 22:00:00,37.0,,,,,,0,28,81,0
287,2023-12-12 23:00:00,37.0,,,,,,0,27,83,0
288,2023-12-13 00:00:00,46.0,,,,,,0,27,85,0
289,2023-12-13 01:00:00,37.2,,,,,,0,26,86,0
290,2023-12-13 02:00:00,41.4,,,,,,0,26,87,0
291,2023-12-13 03:00:00,41.7,,,,,,0,26,88,0
292,2023-12-13 04:00:00,32.1,,,,,,0,25,88,0
293,2023-12-13 05:00:00,38.6,,,,,,0,25,88,0
294,2023-12-13 06:00:00,54.9,,,,,,0,25,89,0
295,2023-12-13 07:00:00,59.9,,,,,,0,26,88,0
296,2023-12-13 08:00:00,55.7,,,,,,0,28,83,0
297,2023-12-13 09:00:00,42.1,,,,,,0,30,75,0
298,2023-12-13 10:00:00,19.6,,,,,,0,31,66,0
299,2023-12-13 11:00:00,20.4,,,,,,0,33,59,0
300,2023-12-13 12:00:00,23.6,,,,,,0,33,61,0
301,2023-12-13 13:00:00,15.2,,,,,,0,32,65,0
302,2023-12-13 14:00:00,14.1,,,,,,0,32,64,0
303,2023-12-13 15:00:00,19.5,,,,,,0,32,64,0
304,2023-12-13 16:00:00,18.4,,,,,,0,32,65,0
305,2023-12-13 17:00:00,22.1,,,,,,0,31,68,0
306,2023-12-13 18:00:00,19.0,,,,,,0,30,70,0
307,2023-12-13 19:00:00,16.3,,,,,,0,30,72,0
308,2023-12-13 20:00:00,24.3,,,,,,0,29,70,0
309,2023-12-13 21:00:00,24.8,,,,,,0,29,69,0
310,2023-12-13 22:00:00,22.5,,,,,,0,28,71,0
311,2023-12-13 23:00:00,22.2,,,,,,0,27,73,0
312,2023-12-14 00:00:00,19.5,,,,,,0,27,75,0
313,2023-12-14 01:00:00,25.1,,,,,,0,26,77,0
314,2023-12-14 02:00:00,17.7,,,,,,0,25,78,0
315,2023-12-14 03:00:00,22.4,,,,,,0,25,79,0
316,2023-12-14 04:00:00,30.5,,,,,,0,25,80,0
317,2023-12-14 05:00:00,33.9,,,,,,0,25,81,0
318,2023-12-14 06:00:00,28.6,,,,,,0,24,82,0
319,2023-12-14 07:00:00,23.9,,,,,,0,25,81,0
320,2023-12-14 08:00:00,22.2,,,,,,0,28,72,0
321,2023-12-14 09:00:00,17.6,,,,,,0,30,63,0
322,2023-12-14 10:00:00,17.5,,,,,,0,32,57,0
323,2023-12-14 11:00:00,16.8,,,,,,0,33,54,0
324,2023-12-14 12:00:00,19.3,,,,,,0,33,55,0
325,2023-12-14 13:00:00,8.0,,,,,,0,32,61,0
326,2023-12-14 14:00:00,12.3,,,,,,0,32,61,0
327,2023-12-14 15:00:00,13.7,,,,,,0,32,62,0
328,2023-12-14 16:00:00,13.5,,,,,,0,31,66,0
329,2023-12-14 17:00:00,18.1,,,,,,0,31,67,0
330,2023-12-14 18:00:00,27.7,,,,,,0,30,67,0
331,2023-12-14 19:00:00,25.5,,,,,,0,30,68,0
332,2023-12-14 20:00:00,43.3,,,,,,0,29,72,0
333,2023-12-14 21:00:00,40.6,,,,,,0,29,74,0
334,2023-12-14 22:00:00,36.2,,,,,,0,28,75,0
335,2023-12-14 23:00:00,39.2,,,,,,0,28,76,0
336,2023-12-15 00:00:00,29.2,,,,,,0,27,76,0
337,2023-12-15 01:00:00,33.6,,,,,,0,27,80,0
338,2023-12-15 02:00:00,33.6,,,,,,0,26,81,0
339,2023-12-15 03:00:00,23.0,,,,,,0,26,81,0
340,2023-12-15 04:00:00,28.7,,,,,,0,26,80,0
341,2023-12-15 05:00:00,30.0,,,,,,0,25,83,0
342,2023-12-15 06:00:00,41.1,,,,,,0,25,84,0
343,2023-12-15 07:00:00,39.5,,,,,,0,26,79,0
344,2023-12-15 08:00:00,35.8,,,,,,0,29,69,0
345,2023-12-15 09:00:00,23.9,,,,,,0,31,63,0
346,2023-12-15 10:00:00,19.7,,,,,,0,33,56,0
347,2023-12-15 11:00:00,26.0,,,,,,0,34,57,0
348,2023-12-15 12:00:00,20.3,,,,,,0,33,58,0
349,2023-12-15 13:00:00,17.3,,,,,,0,33,59,0
350,2023-12-15 14:00:00,13.9,,,,,,0,33,60,0
351,2023-12-15 15:00:00,16.2,,,,,,0,32,62,0
352,2023-12-15 16:00:00,18.9,,,,,,0,32,64,0
353,2023-12-15 17:00:00,25.6,,,,,,0,31,67,0
354,2023-12-15 18:00:00,22.0,,,,,,0,30,70,0
355,2023-12-15 19:00:00,31.1,,,,,,0,30,72,0
356,2023-12-15 20:00:00,34.6,,,,,,0,30,72,0
357,2023-12-15 21:00:00,35.5,,,,,,0,30,70,0
358,2023-12-15 22:00:00,47.5,,,,,,0,29,73,0
359,2023-12-15 23:00:00,45.7,,,,,,0,29,76,0
360,2023-12-16 00:00:00,33.1,,,,,,0,28,79,0
361,2023-12-16 01:00:00,42.5,,,,,,0,27,82,0
362,2023-12-16 02:00:00,32.9,,,,,,0,26,83,0
363,2023-12-16 03:00:00,35.2,,,,,,0,26,84,0
364,2023-12-16 04:00:00,31.9,,,,,,0,26,83,0
365,2023-12-16 05:00:00,39.4,,,,,,0,25,83,0
366,2023-12-16 06:00:00,41.8,,,,,,0,25,84,0
367,2023-12-16 07:00:00,46.1,,,,,,0,26,83,0
368,2023-12-16 08:00:00,53.7,,,,,,0,29,76,0
369,2023-12-16 09:00:00,37.6,,,,,,0,32,66,0
370,2023-12-16 10:00:00,21.7,,,,,,0,33,59,0
371,2023-12-16 11:00:00,28.3,,,,,,0,32,64,0
372,2023-12-16 12:00:00,30.3,,,,,,0,33,61,0
373,2023-12-16 13:00:00,26.7,,,,,,0,32,66,0
374,2023-12-16 14:00:00,23.8,,,,,,0,33,63,0
375,2023-12-16 15:00:00,20.8,,,,,,0,32,64,0
376,2023-12-16 16:00:00,18.4,,,,,,0,32,65,0
377,2023-12-16 17:00:00,24.0,,,,,,0,31,68,0
378,2023-12-16 18:00:00,26.9,,,,,,0,30,71,0
379,2023-12-16 19:00:00,29.2,,,,,,0,30,74,0
380,2023-12-16 20:00:00,41.8,,,,,,0,29,75,0
381,2023-12-16 21:00:00,35.1,,,,,,0,28,77,0
382,2023-12-16 22:00:00,33.6,,,,,,0,28,79,0
383,2023-12-16 23:00:00,38.5,,,,,,0,27,81,0
384,2023-12-17 00:00:00,43.1,,,,,,0,27,83,0
385,2023-12-17 01:00:00,37.1,,,,,,0,26,84,0
386,2023-12-17 02:00:00,33.7,,,,,,0,26,85,0
387,2023-12-17 03:00:00,35.9,,,,,,0,26,85,0
388,2023-12-17 04:00:00,33.8,,,,,,0,25,85,0
389,2023-12-17 05:00:00,35.7,,,,,,0,25,85,0
390,2023-12-17 06:00:00,31.8,,,,,,0,25,84,0
391,2023-12-17 07:00:00,23.9,,,,,,0,27,80,0
392,2023-12-17 08:00:00,30.9,,,,,,0,29,74,0
393,2023-12-17 09:00:00,19.4,,,,,,0,31,64,0
394,2023-12-17 10:00:00,16.5,,,,,,0,32,60,0
395,2023-12-17 11:00:00,11.5,,,,,,0,33,58,0
396,2023-12-17 12:00:00,16.2,,,,,,0,34,55,0
397,2023-12-17 13:00:00,8.3,,,,,,0,34,53,0
398,2023-12-17 14:00:00,10.0,,,,,,0,33,58,0
399,2023-12-17 15:00:00,5.2,,,,,,0,33,60,0
400,2023-12-17 16:00:00,11.0,,,,,,0,32,64,0
401,2023-12-17 17:00:00,8.9,,,,,,0,31,67,0
402,2023-12-17 18:00:00,14.5,,,,,,0,30,71,0
403,2023-12-17 19:00:00,11.9,,,,,,0,30,73,0
404,2023-12-17 20:00:00,17.0,,,,,,0,29,72,0
405,2023-12-17 21:00:00,11.2,,,,,,0,29,67,0
406,2023-12-17 22:00:00,13.4,,,,,,0,29,66,0
407,2023-12-17 23:00:00,12.8,,,,,,0,28,68,0
408,2023-12-18 00:00:00,19.2,,,,,,0,27,73,0
409,2023-12-18 01:00:00,15.1,,,,,,0,26,75,0
410,2023-12-18 02:00:00,14.0,,,,,,0,26,75,0
411,2023-12-18 03:00:00,18.7,,,,,,0,26,76,0
412,2023-12-18 04:00:00,14.9,,,,,,0,26,75,0
413,2023-12-18 05:00:00,12.3,,,,,,0,25,76,0
414,2023-12-18 06:00:00,7.2,,,,,,0,25,74,0
415,2023-12-18 07:00:00,8.4,,,,,,0,26,72,0
416,2023-12-18 08:00:00,11.8,,,,,,0,28,68,0
417,2023-12-18 09:00:00,10.3,,,,,,0,30,63,0
418,2023-12-18 10:00:00,9.3,,,,,,0,31,60,0
419,2023-12-18 11:00:00,8.4,,,,,,0,32,57,0
420,2023-12-18 12:00:00,16.3,,,,,,0,33,58,0
421,2023-12-18 13:00:00,4.3,,,,,,0,32,62,0
422,2023-12-18 14:00:00,15.5,,,,,,0,32,63,0
423,2023-12-18 15:00:00,12.3,,,,,,0,32,65,0
424,2023-12-18 16:00:00,7.3,,,,,,0,32,61,0
425,2023-12-18 17:00:00,9.4,,,,,,0,32,60,0
426,2023-12-18 18:00:00,13.9,,,,,,0,31,65,0
427,2023-12-18 19:00:00,21.0,,,,,,0,30,70,0
428,2023-12-18 20:00:00,18.2,,,,,,0,29,69,0
429,2023-12-18 21:00:00,12.5,,,,,,0,28,67,0
430,2023-12-18 22:00:00,14.3,,,,,,0,28,70,0
431,2023-12-18 23:00:00,17.8,,,,,,0,27,71,0
432,2023-12-19 00:00:00,16.9,,,,,,0,26,73,0
433,2023-12-19 01:00:00,15.6,,,,,,0,26,75,0
434,2023-12-19 02:00:00,23.4,,,,,,0,25,78,0
435,2023-12-19 03:00:00,18.1,,,,,,0,25,77,0
436,2023-12-19 04:00:00,23.0,,,,,,0,25,76,0
437,2023-12-19 05:00:00,28.2,,,,,,0,25,76,0
438,2023-12-19 06:00:00,26.9,,,,,,0,25,76,0
439,2023-12-19 07:00:00,21.5,,,,,,0,26,73,0
440,2023-12-19 08:00:00,17.2,,,,,,0,28,66,0
441,2023-12-19 09:00:00,16.9,,,,,,0,30,62,0
442,2023-12-19 10:00:00,16.7,,,,,,0,32,58,0
443,2023-12-19 11:00:00,15.4,,,,,,0,33,55,0
444,2023-12-19 12:00:00,9.5,,,,,,0,32,60,0
445,2023-12-19 13:00:00,4.5,,,,,,0,32,63,0
446,2023-12-19 14:00:00,13.5,,,,,,0,32,64,0
447,2023-12-19 15:00:00,14.1,,,,,,0,32,65,0
448,2023-12-19 16:00:00,7.9,,,,,,0,31,67,0
449,2023-12-19 17:00:00,16.2,,,,,,0,30,68,0
450,2023-12-19 18:00:00,19.7,,,,,,0,29,70,0
451,2023-12-19 19:00:00,25.2,,,,,,0,29,72,0
452,2023-12-19 20:00:00,30.1,,,,,,0,29,74,0
453,2023-12-19 21:00:00,40.1,,,,,,0,28,76,0
454,2023-12-19 22:00:00,48.7,,,,,,0,27,79,0
455,2023-12-19 23:00:00,49.4,,,,,,0,27,81,0
456,2023-12-20 00:00:00,37.9,,,,,,0,26,82,0
457,2023-12-20 01:00:00,20.7,,,,,,0,26,80,0
458,2023-12-20 02:00:00,35.7,,,,,,0,26,80,0
459,2023-12-20 03:00:00,37.7,,,,,,0,26,81,0
460,2023-12-20 04:00:00,26.8,,,,,,0,25,80,0
461,2023-12-20 05:00:00,26.6,,,,,,0,25,79,0
462,2023-12-20 06:00:00,23.4,,,,,,0,25,77,0
463,2023-12-20 07:00:00,19.2,,,,,,0,27,73,0
464,2023-12-20 08:00:00,15.9,,,,,,0,29,67,0
465,2023-12-20 09:00:00,16.3,,,,,,0,31,61,0
466,2023-12-20 10:00:00,10.0,,,,,,0,32,57,0
467,2023-12-20 11:00:00,12.6,,,,,,0,33,55,0
468,2023-12-20 12:00:00,19.8,,,,,,0,34,52,0
469,2023-12-20 13:00:00,5.8,,,,,,0,33,63,0
470,2023-12-20 14:00:00,11.5,,,,,,0,32,66,0
471,2023-12-20 15:00:00,12.3,,,,,,0,31,67,0
472,2023-12-20 16:00:00,12.9,,,,,,0,31,69,0
473,2023-12-20 17:00:00,17.7,,,,,,0,30,70,0
474,2023-12-20 18:00:00,15.4,,,,,,0,30,72,0
475,2023-12-20 19:00:00,20.8,,,,,,0,29,73,0
476,2023-12-20 20:00:00,27.7,,,,,,0,29,76,0
477,2023-12-20 21:00:00,24.8,,,,,,0,28,75,0
478,2023-12-20 22:00:00,19.9,,,,,,0,28,72,0
479,2023-12-20 23:00:00,16.3,,,,,,0,27,72,0
480,2023-12-21 00:00:00,11.0,,,,,,0,27,72,0
481,2023-12-21 01:00:00,12.7,,,,,,0,26,73,0
482,2023-12-21 02:00:00,2.9,,,,,,0,26,70,0
483,2023-12-21 03:00:00,9.4,,,,,,0,26,69,0
484,2023-12-21 04:00:00,11.2,,,,,,0,25,72,0
485,2023-12-21 05:00:00,11.2,,,,,,0,25,73,0
486,2023-12-21 06:00:00,10.7,,,,,,0,24,72,0
487,2023-12-21 07:00:00,6.4,,,,,,0,25,71,0
488,2023-12-21 08:00:00,6.2,,,,,,0,26,65,0
489,2023-12-21 09:00:00,8.1,,,,,,0,28,60,0
490,2023-12-21 10:00:00,11.7,,,,,,0,30,57,0
491,2023-12-21 11:00:00,14.0,,,,,,0,32,54,0
492,2023-12-21 12:00:00,7.3,,,,,,0,32,53,0
493,2023-12-21 13:00:00,5.8,,,,,,0,33,52,0
494,2023-12-21 14:00:00,4.7,,,,,,0,33,51,0
495,2023-12-21 15:00:00,6.9,,,,,,0,32,52,0
496,2023-12-21 16:00:00,10.0,,,,,,0,30,64,0
497,2023-12-21 17:00:00,11.3,,,,,,0,30,67,0
498,2023-12-21 18:00:00,9.4,,,,,,0,29,57,0
499,2023-12-21 19:00:00,5.6,,,,,,0,28,58,0
500,2023-12-21 20:00:00,5.4,,,,,,0,28,58,0
501,2023-12-21 21:00:00,5.6,,,,,,0,27,60,0
502,2023-12-21 22:00:00,8.4,,,,,,0,27,59,0
503,2023-12-21 23:00:00,12.5,,,,,,0,26,60,0
504,2023-12-22 00:00:00,10.8,,,,,,0,25,62,0
505,2023-12-22 01:00:00,12.6,,,,,,0,24,64,0
506,2023-12-22 02:00:00,6.4,,,,,,0,24,64,0
507,2023-12-22 03:00:00,7.2,,,,,,0,23,63,0
508,2023-12-22 04:00:00,12.0,,,,,,0,23,64,0
509,2023-12-22 05:00:00,11.9,,,,,,0,23,63,0
510,2023-12-22 06:00:00,11.4,,,,,,0,22,64,0
511,2023-12-22 07:00:00,9.0,,,,,,0,22,64,0
512,2023-12-22 08:00:00,7.5,,,,,,0,23,61,0
513,2023-12-22 09:00:00,8.2,,,,,,0,24,58,0
514,2023-12-22 10:00:00,12.7,,,,,,0,25,56,0
515,2023-12-22 11:00:00,13.1,,,,,,0,27,53,0
516,2023-12-22 12:00:00,13.6,,,,,,0,28,53,0
517,2023-12-22 13:00:00,10.6,,,,,,0,28,51,0
518,2023-12-22 14:00:00,6.7,,,,,,0,29,50,0
519,2023-12-22 15:00:00,10.7,,,,,,0,29,50,0
520,2023-12-22 16:00:00,8.0,,,,,,0,28,50,0
521,2023-12-22 17:00:00,8.4,,,,,,0,28,51,0
522,2023-12-22 18:00:00,8.1,,,,,,0,26,54,0
523,2023-12-22 19:00:00,6.9,,,,,,0,26,55,0
524,2023-12-22 20:00:00,11.4,,,,,,0,25,56,0
525,2023-12-22 21:00:00,7.9,,,,,,0,24,56,0
526,2023-12-22 22:00:00,13.6,,,,,,0,24,56,0
527,2023-12-22 23:00:00,10.0,,,,,,0,23,56,0
528,2023-12-23 00:00:00,12.7,,,,,,0,23,55,0
529,2023-12-23 01:00:00,15.7,,,,,,0,22,58,0
530,2023-12-23 02:00:00,18.5,,,,,,0,22,58,0
531,2023-12-23 03:00:00,14.6,,,,,,0,21,59,0
532,2023-12-23 04:00:00,14.9,,,,,,0,21,60,0
533,2023-12-23 05:00:00,14.5,,,,,,0,20,62,0
534,2023-12-23 06:00:00,16.0,,,,,,0,20,64,0
535,2023-12-23 07:00:00,17.0,,,,,,0,20,65,0
536,2023-12-23 08:00:00,19.0,,,,,,0,22,60,0
537,2023-12-23 09:00:00,18.9,,,,,,0,23,57,0
538,2023-12-23 10:00:00,13.9,,,,,,0,25,54,0
539,2023-12-23 11:00:00,17.6,,,,,,0,27,51,0
540,2023-12-23 12:00:00,18.0,,,,,,0,28,50,0
541,2023-12-23 13:00:00,10.6,,,,,,0,29,49,0
542,2023-12-23 14:00:00,9.9,,,,,,0,29,49,0
543,2023-12-23 15:00:00,6.3,,,,,,0,29,49,0
544,2023-12-23 16:00:00,7.5,,,,,,0,28,50,0
545,2023-12-23 17:00:00,10.8,,,,,,0,28,50,0
546,2023-12-23 18:00:00,20.9,,,,,,0,26,53,0
547,2023-12-23 19:00:00,13.8,,,,,,0,25,55,0
548,2023-12-23 20:00:00,15.3,,,,,,0,25,54,0
549,2023-12-23 21:00:00,13.9,,,,,,0,25,54,0
550,2023-12-23 22:00:00,14.9,,,,,,0,24,54,0
551,2023-12-23 23:00:00,14.5,,,,,,0,24,54,0
552,2023-12-24 00:00:00,19.7,,,,,,0,24,56,0
553,2023-12-24 01:00:00,16.0,,,,,,0,24,55,0
554,2023-12-24 02:00:00,25.1,,,,,,0,23,56,0
555,2023-12-24 03:00:00,23.6,,,,,,0,23,56,0
556,2023-12-24 04:00:00,,,,,,,0,23,57,0
557,2023-12-24 05:00:00,21.7,,,,,,0,22,58,0
558,2023-12-24 06:00:00,17.0,,,,,,0,22,60,0
559,2023-12-24 07:00:00,18.0,,,,,,0,22,60,0
560,2023-12-24 08:00:00,20.7,,,,,,0,22,60,0
561,2023-12-24 09:00:00,17.9,,,,,,0,23,60,0
562,2023-12-24 10:00:00,18.0,,,,,,0,24,58,0
563,2023-12-24 11:00:00,25.8,,,,,,0,25,56,0
564,2023-12-24 12:00:00,14.4,,,,,,0,26,55,0
565,2023-12-24 13:00:00,20.2,,,,,,0,26,55,0
566,2023-12-24 14:00:00,16.9,,,,,,0,26,56,0
567,2023-12-24 15:00:00,10.8,,,,,,0,25,57,0
568,2023-12-24 16:00:00,18.6,,,,,,0,25,57,0
569,2023-12-24 17:00:00,14.3,,,,,,0,24,59,0
570,2023-12-24 18:00:00,19.2,,,,,,0,24,59,0
571,2023-12-24 19:00:00,21.7,,,,,,0,24,59,0
572,2023-12-24 20:00:00,25.7,,,,,,0,24,59,0
573,2023-12-24 21:00:00,25.7,,,,,,0,24,58,0
574,2023-12-24 22:00:00,23.0,,,,,,0,24,59,0
575,2023-12-24 23:00:00,23.9,,,,,,0,24,60,0
576,2023-12-25 00:00:00,19.3,,,,,,0,24,60,0
577,2023-12-25 01:00:00,18.4,,,,,,0,23,60,0
578,2023-12-25 02:00:00,19.5,,,,,,0,23,59,0
579,2023-12-25 03:00:00,19.4,,,,,,0,23,59,0
580,2023-12-25 04:00:00,18.9,,,,,,0,23,59,0
581,2023-12-25 05:00:00,21.5,,,,,,0,22,60,0
582,2023-12-25 06:00:00,20.9,,,,,,0,22,61,0
583,2023-12-25 07:00:00,19.6,,,,,,0,22,61,0
584,2023-12-25 08:00:00,26.3,,,,,,0,23,59,0
585,2023-12-25 09:00:00,22.1,,,,,,0,24,58,0
586,2023-12-25 10:00:00,17.2,,,,,,0,25,55,0
587,2023-12-25 11:00:00,16.8,,,,,,0,27,52,0
588,2023-12-25 12:00:00,18.2,,,,,,0,28,51,0
589,2023-12-25 13:00:00,17.6,,,,,,0,28,50,0
590,2023-12-25 14:00:00,18.3,,,,,,0,29,49,0
591,2023-12-25 15:00:00,22.1,,,,,,0,29,49,0
592,2023-12-25 16:00:00,13.1,,,,,,0,29,50,0
593,2023-12-25 17:00:00,19.5,,,,,,0,28,52,0
594,2023-12-25 18:00:00,25.2,,,,,,0,27,54,0
595,2023-12-25 19:00:00,26.0,,,,,,0,26,55,0
596,2023-12-25 20:00:00,26.7,,,,,,0,25,56,0
597,2023-12-25 21:00:00,33.2,,,,,,0,25,56,0
598,2023-12-25 22:00:00,32.1,,,,,,0,24,57,0
599,2023-12-25 23:00:00,30.1,,,,,,0,24,57,0
600,2023-12-26 00:00:00,29.3,,,,,,0,24,57,0
601,2023-12-26 01:00:00,31.5,,,,,,0,23,57,0
602,2023-12-26 02:00:00,32.0,,,,,,0,23,57,0
603,2023-12-26 03:00:00,32.1,,,,,,0,23,57,0
604,2023-12-26 04:00:00,34.8,,,,,,0,23,58,0
605,2023-12-26 05:00:00,40.4,,,,,,0,22,61,0
606,2023-12-26 06:00:00,41.4,,,,,,0,22,64,0
607,2023-12-26 07:00:00,43.2,,,,,,0,22,63,0
608,2023-12-26 08:00:00,45.2,,,,,,0,23,60,0
609,2023-12-26 09:00:00,46.2,,,,,,0,24,59,0
610,2023-12-26 10:00:00,42.6,,,,,,0,26,57,0
611,2023-12-26 11:00:00,29.6,,,,,,0,28,54,0
612,2023-12-26 12:00:00,28.5,,,,,,0,29,52,0
613,2023-12-26 13:00:00,27.6,,,,,,0,30,51,0
614,2023-12-26 14:00:00,18.7,,,,,,0,30,50,0
615,2023-12-26 15:00:00,17.4,,,,,,0,30,52,0
616,2023-12-26 16:00:00,16.0,,,,,,0,29,52,0
617,2023-12-26 17:00:00,22.1,,,,,,0,29,54,0
618,2023-12-26 18:00:00,20.9,,,,,,0,27,57,0
619,2023-12-26 19:00:00,26.6,,,,,,0,27,60,0
620,2023-12-26 20:00:00,30.6,,,,,,0,26,62,0
621,2023-12-26 21:00:00,28.1,,,,,,0,25,63,0
622,2023-12-26 22:00:00,26.9,,,,,,0,25,64,0
623,2023-12-26 23:00:00,23.6,,,,,,0,25,64,0
624,2023-12-27 00:00:00,27.4,,,,,,0,24,64,0
625,2023-12-27 01:00:00,23.0,,,,,,0,24,64,0
626,2023-12-27 02:00:00,20.5,,,,,,0,24,64,0
627,2023-12-27 03:00:00,23.1,,,,,,0,24,64,0
628,2023-12-27 04:00:00,24.2,,,,,,0,24,64,0
629,2023-12-27 05:00:00,25.9,,,,,,0,23,66,0
630,2023-12-27 06:00:00,34.2,,,,,,0,23,68,0
631,2023-12-27 07:00:00,26.2,,,,,,0,23,67,0
632,2023-12-27 08:00:00,28.1,,,,,,0,25,62,0
633,2023-12-27 09:00:00,27.2,,,,,,0,27,58,0
634,2023-12-27 10:00:00,25.0,,,,,,0,29,54,0
635,2023-12-27 11:00:00,11.1,,,,,,0,30,51,0
636,2023-12-27 12:00:00,18.4,,,,,,0,31,49,0
637,2023-12-27 13:00:00,12.8,,,,,,0,31,52,0
638,2023-12-27 14:00:00,11.3,,,,,,0,30,57,0
639,2023-12-27 15:00:00,15.0,,,,,,0,30,60,0
640,2023-12-27 16:00:00,13.8,,,,,,0,30,61,0
641,2023-12-27 17:00:00,14.2,,,,,,0,28,64,0
642,2023-12-27 18:00:00,26.5,,,,,,0,28,68,0
643,2023-12-27 19:00:00,26.2,,,,,,0,27,71,0
644,2023-12-27 20:00:00,39.6,,,,,,0,27,70,0
645,2023-12-27 21:00:00,43.5,,,,,,0,26,71,0
646,2023-12-27 22:00:00,32.7,,,,,,0,26,70,0
647,2023-12-27 23:00:00,41.1,,,,,,0,26,67,0
648,2023-12-28 00:00:00,23.2,,,,,,0,25,67,0
649,2023-12-28 01:00:00,19.0,,,,,,0,25,68,0
650,2023-12-28 02:00:00,19.5,,,,,,0,24,69,0
651,2023-12-28 03:00:00,25.1,,,,,,0,24,67,0
652,2023-12-28 04:00:00,20.7,,,,,,0,23,70,0
653,2023-12-28 05:00:00,24.3,,,,,,0,23,70,0
654,2023-12-28 06:00:00,30.0,,,,,,0,23,71,0
655,2023-12-28 07:00:00,28.5,,,,,,0,24,69,0
656,2023-12-28 08:00:00,28.8,,,,,,0,26,64,0
657,2023-12-28 09:00:00,24.8,,,,,,0,29,58,0
658,2023-12-28 10:00:00,16.7,,,,,,0,31,53,0
659,2023-12-28 11:00:00,14.2,,,,,,0,32,51,0
660,2023-12-28 12:00:00,17.8,,,,,,0,33,49,0
661,2023-12-28 13:00:00,15.8,,,,,,0,33,54,0
662,2023-12-28 14:00:00,11.3,,,,,,0,32,60,0
663,2023-12-28 15:00:00,14.1,,,,,,0,31,59,0
664,2023-12-28 16:00:00,15.3,,,,,,0,30,63,0
665,2023-12-28 17:00:00,22.0,,,,,,0,29,69,0
666,2023-12-28 18:00:00,23.1,,,,,,0,29,69,0
667,2023-12-28 19:00:00,46.6,,,,,,0,28,70,0
668,2023-12-28 20:00:00,56.7,,,,,,0,28,70,0
669,2023-12-28 21:00:00,56.8,,,,,,0,27,72,0
670,2023-12-28 22:00:00,35.3,,,,,,0,27,72,0
671,2023-12-28 23:00:00,35.6,,,,,,0,26,73,0
672,2023-12-29 00:00:00,24.6,,,,,,0,26,70,0
673,2023-12-29 01:00:00,26.0,,,,,,0,25,72,0
674,2023-12-29 02:00:00,25.0,,,,,,0,25,72,0
675,2023-12-29 03:00:00,26.7,,,,,,0,25,72,0
676,2023-12-29 04:00:00,27.2,,,,,,0,25,72,0
677,2023-12-29 05:00:00,27.6,,,,,,0,24,73,0
678,2023-12-29 06:00:00,30.5,,,,,,0,24,74,0
679,2023-12-29 07:00:00,23.5,,,,,,0,25,70,0
680,2023-12-29 08:00:00,28.5,,,,,,0,27,66,0
681,2023-12-29 09:00:00,25.1,,,,,,0,29,62,0
682,2023-12-29 10:00:00,13.0,,,,,,0,31,56,0
683,2023-12-29 11:00:00,10.1,,,,,,0,32,54,0
684,2023-12-29 12:00:00,12.1,,,,,,0,34,51,0
685,2023-12-29 13:00:00,16.8,,,,,,0,32,59,0
686,2023-12-29 14:00:00,14.5,,,,,,0,31,65,0
687,2023-12-29 15:00:00,16.8,,,,,,0,30,67,0
688,2023-12-29 16:00:00,19.6,,,,,,0,30,69,0
689,2023-12-29 17:00:00,19.4,,,,,,0,29,70,0
690,2023-12-29 18:00:00,27.3,,,,,,0,29,71,0
691,2023-12-29 19:00:00,31.6,,,,,,0,29,70,0
692,2023-12-29 20:00:00,37.8,,,,,,0,28,71,0
693,2023-12-29 21:00:00,66.5,,,,,,0,27,74,0
694,2023-12-29 22:00:00,44.3,,,,,,0,27,77,0
695,2023-12-29 23:00:00,42.6,,,,,,0,26,78,0
696,2023-12-30 00:00:00,41.6,,,,,,0,26,78,0
697,2023-12-30 01:00:00,29.3,,,,,,0,26,74,0
698,2023-12-30 02:00:00,29.2,,,,,,0,25,72,0
699,2023-12-30 03:00:00,34.1,,,,,,0,25,70,0
700,2023-12-30 04:00:00,33.2,,,,,,0,25,72,0
701,2023-12-30 05:00:00,27.3,,,,,,0,24,72,0
702,2023-12-30 06:00:00,28.0,,,,,,0,24,71,0
703,2023-12-30 07:00:00,25.6,,,,,,0,26,69,0
704,2023-12-30 08:00:00,24.3,,,,,,0,28,64,0
705,2023-12-30 09:00:00,23.7,,,,,,0,30,60,0
706,2023-12-30 10:00:00,16.7,,,,,,0,32,56,0
707,2023-12-30 11:00:00,16.5,,,,,,0,34,53,0
708,2023-12-30 12:00:00,10.0,,,,,,0,33,57,0
709,2023-12-30 13:00:00,14.4,,,,,,0,32,63,0
710,2023-12-30 14:00:00,19.5,,,,,,0,31,65,0
711,2023-12-30 15:00:00,12.8,,,,,,0,31,62,0
712,2023-12-30 16:00:00,22.0,,,,,,0,31,61,0
713,2023-12-30 17:00:00,34.1,,,,,,0,30,69,0
714,2023-12-30 18:00:00,31.1,,,,,,0,29,75,0
715,2023-12-30 19:00:00,36.8,,,,,,0,29,73,0
716,2023-12-30 20:00:00,37.2,,,,,,0,28,73,0
717,2023-12-30 21:00:00,46.9,,,,,,0,28,76,0
718,2023-12-30 22:00:00,39.4,,,,,,0,27,76,0
719,2023-12-30 23:00:00,39.6,,,,,,0,27,77,0
720,2023-12-31 00:00:00,41.8,,,,,,0,26,79,0
721,2023-12-31 01:00:00,42.2,,,,,,0,26,80,0
722,2023-12-31 02:00:00,40.8,,,,,,0,25,82,0
723,2023-12-31 03:00:00,33.4,,,,,,0,25,81,0
724,2023-12-31 04:00:00,37.2,,,,,,0,25,82,0
725,2023-12-31 05:00:00,45.9,,,,,,0,25,82,0
726,2023-12-31 06:00:00,42.0,,,,,,0,25,81,0
727,2023-12-31 07:00:00,32.6,,,,,,0,26,77,0
728,2023-12-31 08:00:00,28.9,,,,,,0,28,68,0
729,2023-12-31 09:00:00,28.7,,,,,,0,31,61,0
730,2023-12-31 10:00:00,18.1,,,,,,0,33,55,0
731,2023-12-31 11:00:00,20.7,,,,,,0,33,55,0
732,2023-12-31 12:00:00,21.3,,,,,,0,32,61,0
733,2023-12-31 13:00:00,17.8,,,,,,0,32,64,0
734,2023-12-31 14:00:00,18.6,,,,,,0,31,67,0
735,2023-12-31 15:00:00,32.3,,,,,,0,31,69,0
736,2023-12-31 16:00:00,27.9,,,,,,0,30,67,0
737,2023-12-31 17:00:00,34.6,,,,,,0,30,69,0
738,2023-12-31 18:00:00,35.3,,,,,,0,29,74,0
739,2023-12-31 19:00:00,35.2,,,,,,0,29,78,0
740,2023-12-31 20:00:00,34.3,,,,,,0,28,82,0
741,2023-12-31 21:00:00,47.4,,,,,,0,28,80,0
742,2023-12-31 22:00:00,46.4,,,,,,0,27,77,0
743,2023-12-31 23:00:00,53.6,,,,,,0,27,77,0
744,2024-01-01 00:00:00,55.7,,,,,,0,26,78,0
745,2024-01-01 01:00:00,57.6,,,,,,0,26,79,0
746,2024-01-01 02:00:00,56.5,,,,,,0,26,80,0
747,2024-01-01 03:00:00,53.2,,,,,,0,26,81,0
748,2024-01-01 04:00:00,33.0,,,,,,0,25,80,0
749,2024-01-01 05:00:00,43.2,,,,,,0,25,80,0
750,2024-01-01 06:00:00,47.5,,,,,,0,25,81,0
751,2024-01-01 07:00:00,43.2,,,,,,0,26,79,0
752,2024-01-01 08:00:00,39.4,,,,,,0,29,72,0
753,2024-01-01 09:00:00,24.1,,,,,,0,31,63,0
754,2024-01-01 10:00:00,12.3,,,,,,0,33,55,0
755,2024-01-01 11:00:00,21.4,,,,,,0,33,59,0
756,2024-01-01 12:00:00,25.9,,,,,,0,31,67,0
757,2024-01-01 13:00:00,8.8,,,,,,0,31,67,0
758,2024-01-01 14:00:00,14.0,,,,,,0,32,64,0
759,2024-01-01 15:00:00,16.9,,,,,,0,31,68,0
760,2024-01-01 16:00:00,16.3,,,,,,0,30,71,0
761,2024-01-01 17:00:00,20.1,,,,,,0,30,70,0
762,2024-01-01 18:00:00,37.2,,,,,,0,29,77,0
763,2024-01-01 19:00:00,32.2,,,,,,0,29,76,0
764,2024-01-01 20:00:00,25.6,,,,,,0,28,80,0
765,2024-01-01 21:00:00,31.5,,,,,,0,28,80,0
766,2024-01-01 22:00:00,36.0,,,,,,0,28,82,0
767,2024-01-01 23:00:00,44.9,,,,,,0,27,83,0
768,2024-01-02 00:00:00,42.5,,,,,,0,27,83,0
769,2024-01-02 01:00:00,34.7,,,,,,0,26,83,0
770,2024-01-02 02:00:00,24.7,,,,,,0,25,83,0
771,2024-01-02 03:00:00,27.1,,,,,,0,25,84,0
772,2024-01-02 04:00:00,28.1,,,,,,0,25,84,0
773,2024-01-02 05:00:00,30.6,,,,,,0,25,85,0
774,2024-01-02 06:00:00,25.8,,,,,,0,24,85,0
775,2024-01-02 07:00:00,21.2,,,,,,0,26,81,0
776,2024-01-02 08:00:00,29.3,,,,,,0,28,73,0
777,2024-01-02 09:00:00,27.5,,,,,,0,31,66,0
778,2024-01-02 10:00:00,19.6,,,,,,0,32,60,0
779,2024-01-02 11:00:00,29.1,,,,,,0,32,61,0
780,2024-01-02 12:00:00,21.7,,,,,,0,32,64,0
781,2024-01-02 13:00:00,12.7,,,,,,0,32,63,0
782,2024-01-02 14:00:00,16.3,,,,,,0,31,68,0
783,2024-01-02 15:00:00,23.2,,,,,,0,30,70,0
784,2024-01-02 16:00:00,23.9,,,,,,0,30,72,0
785,2024-01-02 17:00:00,35.6,,,,,,0,29,76,0
786,2024-01-02 18:00:00,44.8,,,,,,0,29,78,0
787,2024-01-02 19:00:00,36.6,,,,,,0,28,79,0
788,2024-01-02 20:00:00,34.7,,,,,,0,28,80,0
789,2024-01-02 21:00:00,41.5,,,,,,0,28,81,0
790,2024-01-02 22:00:00,54.2,,,,,,0,27,82,0
791,2024-01-02 23:00:00,50.9,,,,,,0,27,82,0
792,2024-01-03 00:00:00,53.0,,,,,,0,26,83,0
793,2024-01-03 01:00:00,49.1,,,,,,0,26,84,0
794,2024-01-03 02:00:00,62.9,,,,,,0,25,85,0
795,2024-01-03 03:00:00,62.2,,,,,,0,25,87,0
796,2024-01-03 04:00:00,58.0,,,,,,0,24,87,0
797,2024-01-03 05:00:00,50.7,,,,,,0,24,87,0
798,2024-01-03 06:00:00,52.8,,,,,,0,24,87,0
799,2024-01-03 07:00:00,40.6,,,,,,0,25,81,0
800,2024-01-03 08:00:00,31.7,,,,,,0,28,69,0
801,2024-01-03 09:00:00,26.7,,,,,,0,30,58,0
802,2024-01-03 10:00:00,18.0,,,,,,0,33,48,0
803,2024-01-03 11:00:00,12.7,,,,,,0,34,45,0
804,2024-01-03 12:00:00,17.9,,,,,,0,32,58,0
805,2024-01-03 13:00:00,9.6,,,,,,0,31,62,0
806,2024-01-03 14:00:00,12.9,,,,,,0,31,58,0
807,2024-01-03 15:00:00,12.7,,,,,,0,31,61,0
808,2024-01-03 16:00:00,12.9,,,,,,0,30,61,0
809,2024-01-03 17:00:00,12.1,,,,,,0,30,64,0
810,2024-01-03 18:00:00,16.2,,,,,,0,29,67,0
811,2024-01-03 19:00:00,24.5,,,,,,0,28,71,0
812,2024-01-03 20:00:00,18.7,,,,,,0,28,72,0
813,2024-01-03 21:00:00,34.7,,,,,,0,28,71,0
814,2024-01-03 22:00:00,37.7,,,,,,0,27,72,0
815,2024-01-03 23:00:00,39.0,,,,,,0,26,75,0
816,2024-01-04 00:00:00,28.5,,,,,,0,25,74,0
817,2024-01-04 01:00:00,28.8,,,,,,0,25,75,0
818,2024-01-04 02:00:00,33.5,,,,,,0,24,79,0
819,2024-01-04 03:00:00,32.8,,,,,,0,24,78,0
820,2024-01-04 04:00:00,37.9,,,,,,0,24,80,0
821,2024-01-04 05:00:00,45.4,,,,,,0,23,82,0
822,2024-01-04 06:00:00,37.2,,,,,,0,23,82,0
823,2024-01-04 07:00:00,36.3,,,,,,0,24,78,0
824,2024-01-04 08:00:00,41.3,,,,,,0,28,68,0
825,2024-01-04 09:00:00,32.9,,,,,,0,30,61,0
826,2024-01-04 10:00:00,23.8,,,,,,0,32,55,0
827,2024-01-04 11:00:00,19.7,,,,,,0,32,55,0
828,2024-01-04 12:00:00,17.3,,,,,,0,31,60,0
829,2024-01-04 13:00:00,18.7,,,,,,0,31,62,0
830,2024-01-04 14:00:00,19.4,,,,,,0,31,63,0
831,2024-01-04 15:00:00,23.3,,,,,,0,31,64,0
832,2024-01-04 16:00:00,26.0,,,,,,0,31,65,0
833,2024-01-04 17:00:00,18.2,,,,,,0,30,67,0
834,2024-01-04 18:00:00,17.9,,,,,,0,29,70,0
835,2024-01-04 19:00:00,23.0,,,,,,0,29,72,0
836,2024-01-04 20:00:00,21.5,,,,,,0,28,73,0
837,2024-01-04 21:00:00,26.6,,,,,,0,28,74,0
838,2024-01-04 22:00:00,41.4,,,,,,0,28,74,0
839,2024-01-04 23:00:00,35.5,,,,,,0,27,75,0
840,2024-01-05 00:00:00,39.7,,,,,,0,26,78,0
841,2024-01-05 01:00:00,41.4,,,,,,0,26,81,0
842,2024-01-05 02:00:00,38.0,,,,,,0,25,82,0
843,2024-01-05 03:00:00,39.9,,,,,,0,24,82,0
844,2024-01-05 04:00:00,35.9,,,,,,0,24,81,0
845,2024-01-05 05:00:00,45.8,,,,,,0,24,82,0
846,2024-01-05 06:00:00,56.0,,,,,,0,24,83,0
847,2024-01-05 07:00:00,52.2,,,,,,0,25,79,0
848,2024-01-05 08:00:00,35.8,,,,,,0,27,70,0
849,2024-01-05 09:00:00,30.9,,,,,,0,29,61,0
850,2024-01-05 10:00:00,17.1,,,,,,0,32,53,0
851,2024-01-05 11:00:00,22.7,,,,,,0,32,56,0
852,2024-01-05 12:00:00,22.7,,,,,,0,32,58,0
853,2024-01-05 13:00:00,16.1,,,,,,0,31,64,0
854,2024-01-05 14:00:00,16.7,,,,,,0,31,62,0
855,2024-01-05 15:00:00,21.9,,,,,,0,31,60,0
856,2024-01-05 16:00:00,17.5,,,,,,0,31,63,0
857,2024-01-05 17:00:00,21.4,,,,,,0,30,67,0
858,2024-01-05 18:00:00,18.2,,,,,,0,28,69,0
859,2024-01-05 19:00:00,21.6,,,,,,0,28,72,0
860,2024-01-05 20:00:00,17.9,,,,,,0,28,74,0
861,2024-01-05 21:00:00,31.0,,,,,,0,27,75,0
862,2024-01-05 22:00:00,34.5,,,,,,0,27,75,0
863,2024-01-05 23:00:00,33.0,,,,,,0,26,75,0
864,2024-01-06 00:00:00,36.3,,,,,,0,26,77,0
865,2024-01-06 01:00:00,35.6,,,,,,0,26,78,0
866,2024-01-06 02:00:00,41.5,,,,,,0,25,79,0
867,2024-01-06 03:00:00,32.3,,,,,,0,24,79,0
868,2024-01-06 04:00:00,29.5,,,,,,0,24,79,0
869,2024-01-06 05:00:00,32.9,,,,,,0,24,79,0
870,2024-01-06 06:00:00,59.1,,,,,,0,24,81,0
871,2024-01-06 07:00:00,62.1,,,,,,0,25,78,0
872,2024-01-06 08:00:00,45.8,,,,,,0,26,72,0
873,2024-01-06 09:00:00,35.8,,,,,,0,29,63,0
874,2024-01-06 10:00:00,26.9,,,,,,0,31,54,0
875,2024-01-06 11:00:00,30.4,,,,,,0,32,54,0
876,2024-01-06 12:00:00,20.4,,,,,,0,31,59,0
877,2024-01-06 13:00:00,20.0,,,,,,0,31,60,0
878,2024-01-06 14:00:00,22.0,,,,,,0,31,57,0
879,2024-01-06 15:00:00,21.6,,,,,,0,31,57,0
880,2024-01-06 16:00:00,24.6,,,,,,0,31,59,0
881,2024-01-06 17:00:00,23.0,,,,,,0,30,62,0
882,2024-01-06 18:00:00,21.8,,,,,,0,29,62,0
883,2024-01-06 19:00:00,24.1,,,,,,0,28,66,0
884,2024-01-06 20:00:00,25.7,,,,,,0,28,68,0
885,2024-01-06 21:00:00,41.6,,,,,,0,27,69,0
886,2024-01-06 22:00:00,40.8,,,,,,0,27,71,0
887,2024-01-06 23:00:00,35.5,,,,,,0,26,72,0
888,2024-01-07 00:00:00,43.0,,,,,,0,26,75,0
889,2024-01-07 01:00:00,41.5,,,,,,0,25,75,0
890,2024-01-07 02:00:00,40.4,,,,,,0,25,77,0
891,2024-01-07 03:00:00,41.4,,,,,,0,24,79,0
892,2024-01-07 04:00:00,50.5,,,,,,0,24,80,0
893,2024-01-07 05:00:00,54.7,,,,,,0,24,81,0
894,2024-01-07 06:00:00,70.5,,,,,,0,23,82,0
895,2024-01-07 07:00:00,65.1,,,,,,0,24,79,0
896,2024-01-07 08:00:00,,,,,,,0,27,70,0
897,2024-01-07 09:00:00,,,,,,,0,30,60,0
898,2024-01-07 10:00:00,,,,,,,0,31,55,0
899,2024-01-07 11:00:00,,,,,,,0,33,52,0
900,2024-01-07 12:00:00,,,,,,,0,32,55,0
901,2024-01-07 13:00:00,,,,,,,0,31,60,0
902,2024-01-07 14:00:00,,,,,,,0,31,60,0
903,2024-01-07 15:00:00,,,,,,,0,31,61,0
904,2024-01-07 16:00:00,,,,,,,0,0,0,0
905,2024-01-07 17:00:00,,,,,,,0,30,66,0
906,2024-01-07 18:00:00,,,,,,,0,0,0,0
907,2024-01-07 19:00:00,,,,,,,0,0,0,0
908,2024-01-07 20:00:00,,,,,,,0,0,0,0
909,2024-01-07 21:00:00,,,,,,,0,0,0,0
910,2024-01-07 22:00:00,,,,,,,0,0,0,0
911,2024-01-07 23:00:00,,,,,,,0,0,0,0
912,2024-01-08 00:00:00,,,,,,,0,0,0,0
913,2024-01-08 01:00:00,,,,,,,0,0,0,0
914,2024-01-08 02:00:00,,,,,,,0,0,0,0
915,2024-01-08 03:00:00,,,,,,,0,0,0,0
916,2024-01-08 04:00:00,,,,,,,0,0,0,0
917,2024-01-08 05:00:00,,,,,,,0,0,0,0
918,2024-01-08 06:00:00,,,,,,,0,0,0,0
919,2024-01-08 07:00:00,,,,,,,0,0,0,0
920,2024-01-08 08:00:00,,,,,,,0,0,0,0
921,2024-01-08 09:00:00,,,,,,,0,0,0,0
922,2024-01-08 10:00:00,,,,,,,0,0,0,0
923,2024-01-08 11:00:00,,,,,,,0,0,0,0
924,2024-01-08 12:00:00,,,,,,,0,0,0,0
925,2024-01-08 13:00:00,,,,,,,0,0,0,0
926,2024-01-08 14:00:00,,,,,,,0,0,0,0
927,2024-01-08 15:00:00,,,,,,,0,0,0,0
928,2024-01-08 16:00:00,,,,,,,0,0,0,0
929,2024-01-08 17:00:00,33.7,,,,,,0,29,68,0
930,2024-01-08 18:00:00,37.3,,,,,,0,29,70,0
931,2024-01-08 19:00:00,35.8,,,,,,0,29,70,0
932,2024-01-08 20:00:00,33.3,,,,,,0,28,71,0
933,2024-01-08 21:00:00,40.4,,,,,,0,28,74,0
934,2024-01-08 22:00:00,41.6,,,,,,0,27,76,0
935,2024-01-08 23:00:00,44.4,,,,,,0,26,79,0
936,2024-01-09 00:00:00,37.3,,,,,,0,26,81,0
937,2024-01-09 01:00:00,39.6,,,,,,0,25,82,0
938,2024-01-09 02:00:00,36.0,,,,,,0,25,83,0
939,2024-01-09 03:00:00,37.9,,,,,,0,25,84,0
940,2024-01-09 04:00:00,38.5,,,,,,0,24,85,0
941,2024-01-09 05:00:00,43.2,,,,,,0,24,84,0
942,2024-01-09 06:00:00,55.4,,,,,,0,24,85,0
943,2024-01-09 07:00:00,62.7,,,,,,0,25,83,0
944,2024-01-09 08:00:00,54.0,,,,,,0,27,77,0
945,2024-01-09 09:00:00,37.7,,,,,,0,30,72,0
946,2024-01-09 10:00:00,40.2,,,,,,0,31,67,0
947,2024-01-09 11:00:00,29.5,,,,,,0,31,67,0
948,2024-01-09 12:00:00,27.5,,,,,,0,31,69,0
949,2024-01-09 13:00:00,29.8,,,,,,0,31,69,0
950,2024-01-09 14:00:00,26.1,,,,,,0,31,68,0
951,2024-01-09 15:00:00,24.9,,,,,,0,30,69,0
952,2024-01-09 16:00:00,22.9,,,,,,0,30,71,0
953,2024-01-09 17:00:00,29.4,,,,,,0,29,73,0
954,2024-01-09 18:00:00,27.1,,,,,,0,29,74,0
955,2024-01-09 19:00:00,28.9,,,,,,0,28,76,0
956,2024-01-09 20:00:00,27.8,,,,,,0,28,78,0
957,2024-01-09 21:00:00,31.8,,,,,,0,27,79,0
958,2024-01-09 22:00:00,38.5,,,,,,0,27,80,0
959,2024-01-09 23:00:00,34.1,,,,,,0,27,82,0
960,2024-01-10 00:00:00,32.9,,,,,,0,26,84,0
961,2024-01-10 01:00:00,33.4,,,,,,0,25,84,0
962,2024-01-10 02:00:00,36.3,,,,,,0,25,84,0
963,2024-01-10 03:00:00,43.6,,,,,,0,25,85,0
964,2024-01-10 04:00:00,38.7,,,,,,0,24,85,0
965,2024-01-10 05:00:00,37.5,,,,,,0,24,85,0
966,2024-01-10 06:00:00,38.3,,,,,,0,24,85,0
967,2024-01-10 07:00:00,41.0,,,,,,0,25,83,0
968,2024-01-10 08:00:00,41.8,,,,,,0,28,77,0
969,2024-01-10 09:00:00,34.3,,,,,,0,30,72,0
970,2024-01-10 10:00:00,26.8,,,,,,0,30,70,0
971,2024-01-10 11:00:00,25.0,,,,,,0,30,72,0
972,2024-01-10 12:00:00,31.1,,,,,,0,31,71,0
973,2024-01-10 13:00:00,20.0,,,,,,0,31,70,0
974,2024-01-10 14:00:00,21.3,,,,,,0,31,69,0
975,2024-01-10 15:00:00,25.1,,,,,,0,31,69,0
976,2024-01-10 16:00:00,25.4,,,,,,0,30,71,0
977,2024-01-10 17:00:00,25.7,,,,,,0,30,73,0
978,2024-01-10 18:00:00,20.1,,,,,,0,29,75,0
979,2024-01-10 19:00:00,16.5,,,,,,0,28,76,0
980,2024-01-10 20:00:00,18.2,,,,,,0,28,77,0
981,2024-01-10 21:00:00,20.6,,,,,,0,28,79,0
982,2024-01-10 22:00:00,30.1,,,,,,0,27,81,0
983,2024-01-10 23:00:00,33.8,,,,,,0,26,83,0
984,2024-01-11 00:00:00,32.2,,,,,,0,26,84,0
985,2024-01-11 01:00:00,24.9,,,,,,0,26,85,0
986,2024-01-11 02:00:00,27.2,,,,,,0,25,86,0
987,2024-01-11 03:00:00,26.7,,,,,,0,25,86,0
988,2024-01-11 04:00:00,31.1,,,,,,0,25,86,0
989,2024-01-11 05:00:00,32.2,,,,,,0,25,87,0
990,2024-01-11 06:00:00,53.8,,,,,,0,25,87,0
991,2024-01-11 07:00:00,35.6,,,,,,0,25,87,0
992,2024-01-11 08:00:00,31.5,,,,,,0,27,84,0
993,2024-01-11 09:00:00,27.9,,,,,,0,29,77,0
994,2024-01-11 10:00:00,35.4,,,,,,0,31,69,0
995,2024-01-11 11:00:00,28.1,,,,,,0,31,69,0
996,2024-01-11 12:00:00,25.5,,,,,,0,31,72,0
997,2024-01-11 13:00:00,23.3,,,,,,0,31,72,0
998,2024-01-11 14:00:00,21.9,,,,,,0,31,72,0
999,2024-01-11 15:00:00,21.3,,,,,,0,31,73,0
1000,2024-01-11 16:00:00,25.6,,,,,,0,30,74,0
1001,2024-01-11 17:00:00,22.3,,,,,,0,30,76,0
1002,2024-01-11 18:00:00,20.4,,,,,,0,29,78,0
1003,2024-01-11 19:00:00,20.4,,,,,,0,29,79,0
1004,2024-01-11 20:00:00,16.8,,,,,,0,28,80,0
1005,2024-01-11 21:00:00,14.9,,,,,,0,28,81,0
1006,2024-01-11 22:00:00,31.3,,,,,,0,27,83,0
1007,2024-01-11 23:00:00,27.7,,,,,,0,27,84,0
1008,2024-01-12 00:00:00,25.6,,,,,,0,27,85,0
1009,2024-01-12 01:00:00,24.9,,,,,,0,27,85,0
1010,2024-01-12 02:00:00,26.7,,,,,,0,27,85,0
1011,2024-01-12 03:00:00,20.9,,,,,,0,26,86,0
1012,2024-01-12 04:00:00,20.8,,,,,,0,26,86,0
1013,2024-01-12 05:00:00,27.2,,,,,,0,26,86,0
1014,2024-01-12 06:00:00,27.9,,,,,,0,26,87,0
1015,2024-01-12 07:00:00,27.3,,,,,,0,26,86,0
1016,2024-01-12 08:00:00,37.4,,,,,,0,28,83,0
1017,2024-01-12 09:00:00,28.3,,,,,,0,29,78,0
1018,2024-01-12 10:00:00,25.0,,,,,,0,30,75,0
1019,2024-01-12 11:00:00,23.6,,,,,,0,31,72,0
1020,2024-01-12 12:00:00,17.6,,,,,,0,31,72,0
1021,2024-01-12 13:00:00,16.6,,,,,,0,31,71,0
1022,2024-01-12 14:00:00,18.4,,,,,,0,31,71,0
1023,2024-01-12 15:00:00,19.4,,,,,,0,31,72,0
1024,2024-01-12 16:00:00,24.5,,,,,,0,30,73,0
1025,2024-01-12 17:00:00,23.0,,,,,,0,30,75,0
1026,2024-01-12 18:00:00,12.1,,,,,,0,29,77,0
1027,2024-01-12 19:00:00,16.5,,,,,,0,28,78,0
1028,2024-01-12 20:00:00,15.6,,,,,,0,28,79,0
1029,2024-01-12 21:00:00,14.4,,,,,,0,28,79,0
1030,2024-01-12 22:00:00,17.6,,,,,,0,28,80,0
1031,2024-01-12 23:00:00,12.0,,,,,,0,28,80,0
1032,2024-01-13 00:00:00,16.2,,,,,,0,28,81,0
1033,2024-01-13 01:00:00,25.4,,,,,,0,27,82,0
1034,2024-01-13 02:00:00,33.5,,,,,,0,26,85,0
1035,2024-01-13 03:00:00,23.8,,,,,,0,26,87,0
1036,2024-01-13 04:00:00,23.2,,,,,,0,25,87,0
1037,2024-01-13 05:00:00,18.4,,,,,,0,25,88,0
1038,2024-01-13 06:00:00,19.6,,,,,,0,25,88,0
1039,2024-01-13 07:00:00,19.8,,,,,,0,25,87,0
1040,2024-01-13 08:00:00,31.3,,,,,,0,28,82,0
1041,2024-01-13 09:00:00,27.1,,,,,,0,29,75,0
1042,2024-01-13 10:00:00,31.0,,,,,,0,31,68,0
1043,2024-01-13 11:00:00,31.3,,,,,,0,31,67,0
1044,2024-01-13 12:00:00,27.6,,,,,,0,31,70,0
1045,2024-01-13 13:00:00,25.0,,,,,,0,31,69,0
1046,2024-01-13 14:00:00,25.6,,,,,,0,30,69,0
1047,2024-01-13 15:00:00,24.3,,,,,,0,30,68,0
1048,2024-01-13 16:00:00,23.0,,,,,,0,29,75,0
1049,2024-01-13 17:00:00,19.9,,,,,,0,29,74,0
1050,2024-01-13 18:00:00,20.8,,,,,,0,29,74,0
1051,2024-01-13 19:00:00,19.6,,,,,,0,28,75,0
1052,2024-01-13 20:00:00,15.0,,,,,,0,28,77,0
1053,2024-01-13 21:00:00,15.2,,,,,,0,27,77,0
1054,2024-01-13 22:00:00,24.2,,,,,,0,27,80,0
1055,2024-01-13 23:00:00,33.7,,,,,,0,26,82,0
1056,2024-01-14 00:00:00,24.7,,,,,,0,26,83,0
1057,2024-01-14 01:00:00,30.5,,,,,,0,25,84,0
1058,2024-01-14 02:00:00,20.5,,,,,,0,25,85,0
1059,2024-01-14 03:00:00,26.0,,,,,,0,25,86,0
1060,2024-01-14 04:00:00,30.2,,,,,,0,24,87,0
1061,2024-01-14 05:00:00,32.0,,,,,,0,24,87,0
1062,2024-01-14 06:00:00,28.4,,,,,,0,24,87,0
1063,2024-01-14 07:00:00,28.0,,,,,,0,25,87,0
1064,2024-01-14 08:00:00,37.4,,,,,,0,27,83,0
1065,2024-01-14 09:00:00,31.0,,,,,,0,29,75,0
1066,2024-01-14 10:00:00,29.7,,,,,,0,30,64,0
1067,2024-01-14 11:00:00,30.2,,,,,,0,31,63,0
1068,2024-01-14 12:00:00,27.4,,,,,,0,31,65,0
1069,2024-01-14 13:00:00,24.1,,,,,,0,31,64,0
1070,2024-01-14 14:00:00,28.0,,,,,,0,30,65,0
1071,2024-01-14 15:00:00,27.4,,,,,,0,30,65,0
1072,2024-01-14 16:00:00,29.7,,,,,,0,30,66,0
1073,2024-01-14 17:00:00,29.1,,,,,,0,29,68,0
1074,2024-01-14 18:00:00,22.4,,,,,,0,29,70,0
1075,2024-01-14 19:00:00,28.4,,,,,,0,28,70,0
1076,2024-01-14 20:00:00,31.4,,,,,,0,28,72,0
1077,2024-01-14 21:00:00,36.2,,,,,,0,27,75,0
1078,2024-01-14 22:00:00,38.9,,,,,,0,26,78,0
1079,2024-01-14 23:00:00,43.0,,,,,,0,26,80,0
1080,2024-01-15 00:00:00,38.2,,,,,,0,26,81,0
1081,2024-01-15 01:00:00,35.5,,,,,,0,25,81,0
1082,2024-01-15 02:00:00,40.6,,,,,,0,24,82,0
1083,2024-01-15 03:00:00,39.3,,,,,,0,24,83,0
1084,2024-01-15 04:00:00,33.8,,,,,,0,24,82,0
1085,2024-01-15 05:00:00,33.0,,,,,,0,24,81,0
1086,2024-01-15 06:00:00,35.8,,,,,,0,24,79,0
1087,2024-01-15 07:00:00,31.7,,,,,,0,25,75,0
1088,2024-01-15 08:00:00,35.7,,,,,,0,27,67,0
1089,2024-01-15 09:00:00,26.9,,,,,,0,29,59,0
1090,2024-01-15 10:00:00,24.3,,,,,,0,31,56,0
1091,2024-01-15 11:00:00,21.1,,,,,,0,32,53,0
1092,2024-01-15 12:00:00,31.1,,,,,,0,32,55,0
1093,2024-01-15 13:00:00,25.7,,,,,,0,32,58,0
1094,2024-01-15 14:00:00,25.2,,,,,,0,31,59,0
1095,2024-01-15 15:00:00,24.6,,,,,,0,31,59,0
1096,2024-01-15 16:00:00,27.4,,,,,,0,31,60,0
1097,2024-01-15 17:00:00,31.6,,,,,,0,30,61,0
1098,2024-01-15 18:00:00,27.5,,,,,,0,29,64,0
1099,2024-01-15 19:00:00,32.4,,,,,,0,28,67,0
1100,2024-01-15 20:00:00,44.7,,,,,,0,27,70,0
1101,2024-01-15 21:00:00,83.4,,,,,,0,27,72,0
1102,2024-01-15 22:00:00,61.9,,,,,,0,26,74,0
1103,2024-01-15 23:00:00,48.0,,,,,,0,25,78,0
1104,2024-01-16 00:00:00,51.2,,,,,,0,25,78,0
1105,2024-01-16 01:00:00,60.2,,,,,,0,25,77,0
1106,2024-01-16 02:00:00,62.9,,,,,,0,24,79,0
1107,2024-01-16 03:00:00,52.0,,,,,,0,24,80,0
1108,2024-01-16 04:00:00,57.4,,,,,,0,24,83,0
1109,2024-01-16 05:00:00,57.7,,,,,,0,23,84,0
1110,2024-01-16 06:00:00,58.5,,,,,,0,23,84,0
1111,2024-01-16 07:00:00,53.9,,,,,,0,24,79,0
1112,2024-01-16 08:00:00,55.5,,,,,,0,26,70,0
1113,2024-01-16 09:00:00,37.5,,,,,,0,29,61,0
1114,2024-01-16 10:00:00,22.1,,,,,,0,31,53,0
1115,2024-01-16 11:00:00,35.7,,,,,,0,32,52,0
1116,2024-01-16 12:00:00,25.7,,,,,,0,31,58,0
1117,2024-01-16 13:00:00,22.6,,,,,,0,32,57,0
1118,2024-01-16 14:00:00,25.5,,,,,,0,32,60,0
1119,2024-01-16 15:00:00,27.8,,,,,,0,31,64,0
1120,2024-01-16 16:00:00,28.7,,,,,,0,30,63,0
1121,2024-01-16 17:00:00,31.6,,,,,,0,30,65,0
1122,2024-01-16 18:00:00,37.5,,,,,,0,29,69,0
1123,2024-01-16 19:00:00,22.8,,,,,,0,29,71,0
1124,2024-01-16 20:00:00,34.3,,,,,,0,28,72,0
1125,2024-01-16 21:00:00,43.0,,,,,,0,27,74,0
1126,2024-01-16 22:00:00,31.4,,,,,,0,26,75,0
1127,2024-01-16 23:00:00,37.3,,,,,,0,26,75,0
1128,2024-01-17 00:00:00,38.0,,,,,,0,25,78,0
1129,2024-01-17 01:00:00,43.4,,,,,,0,24,77,0
1130,2024-01-17 02:00:00,44.6,,,,,,0,24,78,0
1131,2024-01-17 03:00:00,47.8,,,,,,0,24,79,0
1132,2024-01-17 04:00:00,38.1,,,,,,0,23,79,0
1133,2024-01-17 05:00:00,44.3,,,,,,0,23,80,0
1134,2024-01-17 06:00:00,44.0,,,,,,0,23,80,0
1135,2024-01-17 07:00:00,44.2,,,,,,0,24,76,0
1136,2024-01-17 08:00:00,44.9,,,,,,0,26,69,0
1137,2024-01-17 09:00:00,40.0,,,,,,0,29,61,0
1138,2024-01-17 10:00:00,31.6,,,,,,0,31,53,0
1139,2024-01-17 11:00:00,31.0,,,,,,0,32,51,0
1140,2024-01-17 12:00:00,33.1,,,,,,0,32,55,0
1141,2024-01-17 13:00:00,30.0,,,,,,0,31,58,0
1142,2024-01-17 14:00:00,35.1,,,,,,0,31,60,0
1143,2024-01-17 15:00:00,33.2,,,,,,0,31,61,0
1144,2024-01-17 16:00:00,35.0,,,,,,0,30,61,0
1145,2024-01-17 17:00:00,41.7,,,,,,0,30,63,0
1146,2024-01-17 18:00:00,33.2,,,,,,0,29,65,0
1147,2024-01-17 19:00:00,34.6,,,,,,0,29,67,0
1148,2024-01-17 20:00:00,35.6,,,,,,0,28,70,0
1149,2024-01-17 21:00:00,43.0,,,,,,0,27,72,0
1150,2024-01-17 22:00:00,52.2,,,,,,0,27,73,0
1151,2024-01-17 23:00:00,53.5,,,,,,0,26,75,0
1152,2024-01-18 00:00:00,54.2,,,,,,0,26,76,0
1153,2024-01-18 01:00:00,54.5,,,,,,0,25,79,0
1154,2024-01-18 02:00:00,50.7,,,,,,0,24,80,0
1155,2024-01-18 03:00:00,50.7,,,,,,0,24,81,0
1156,2024-01-18 04:00:00,47.2,,,,,,0,23,83,0
1157,2024-01-18 05:00:00,44.0,,,,,,0,23,83,0
1158,2024-01-18 06:00:00,52.1,,,,,,0,23,83,0
1159,2024-01-18 07:00:00,47.9,,,,,,0,24,81,0
1160,2024-01-18 08:00:00,56.1,,,,,,0,26,75,0
1161,2024-01-18 09:00:00,47.4,,,,,,0,29,65,0
1162,2024-01-18 10:00:00,35.6,,,,,,0,32,52,0
1163,2024-01-18 11:00:00,41.3,,,,,,0,33,51,0
1164,2024-01-18 12:00:00,33.4,,,,,,0,32,53,0
1165,2024-01-18 13:00:00,36.2,,,,,,0,32,55,0
1166,2024-01-18 14:00:00,34.7,,,,,,0,31,57,0
1167,2024-01-18 15:00:00,35.9,,,,,,0,31,59,0
1168,2024-01-18 16:00:00,,,,,,,0,31,58,0
1169,2024-01-18 17:00:00,,,,,,,0,30,62,0
1170,2024-01-18 18:00:00,48.2,,,,,,0,29,64,0
1171,2024-01-18 19:00:00,50.6,,,,,,0,29,67,0
1172,2024-01-18 20:00:00,58.4,,,,,,0,28,68,0
1173,2024-01-18 21:00:00,73.2,,,,,,0,27,71,0
1174,2024-01-18 22:00:00,70.7,,,,,,0,27,73,0
1175,2024-01-18 23:00:00,61.3,,,,,,0,26,75,0
1176,2024-01-19 00:00:00,66.8,,,,,,0,25,76,0
1177,2024-01-19 01:00:00,62.4,,,,,,0,25,78,0
1178,2024-01-19 02:00:00,56.0,,,,,,0,24,77,0
1179,2024-01-19 03:00:00,61.3,,,,,,0,24,77,0
1180,2024-01-19 04:00:00,57.2,,,,,,0,24,78,0
1181,2024-01-19 05:00:00,59.2,,,,,,0,24,78,0
1182,2024-01-19 06:00:00,63.3,,,,,,0,24,78,0
1183,2024-01-19 07:00:00,67.8,,,,,,0,25,75,0
1184,2024-01-19 08:00:00,63.0,,,,,,0,28,66,0
1185,2024-01-19 09:00:00,54.7,,,,,,0,30,59,0
1186,2024-01-19 10:00:00,41.3,,,,,,0,33,51,0
1187,2024-01-19 11:00:00,39.8,,,,,,0,33,50,0
1188,2024-01-19 12:00:00,39.1,,,,,,0,32,54,0
1189,2024-01-19 13:00:00,39.2,,,,,,0,32,59,0
1190,2024-01-19 14:00:00,39.2,,,,,,0,31,61,0
1191,2024-01-19 15:00:00,39.7,,,,,,0,31,61,0
1192,2024-01-19 16:00:00,34.0,,,,,,0,31,62,0
1193,2024-01-19 17:00:00,50.2,,,,,,0,30,67,0
1194,2024-01-19 18:00:00,46.6,,,,,,0,29,73,0
1195,2024-01-19 19:00:00,36.6,,,,,,0,28,75,0
1196,2024-01-19 20:00:00,40.8,,,,,,0,28,74,0
1197,2024-01-19 21:00:00,45.0,,,,,,0,27,77,0
1198,2024-01-19 22:00:00,53.1,,,,,,0,26,80,0
1199,2024-01-19 23:00:00,53.8,,,,,,0,26,81,0
1200,2024-01-20 00:00:00,37.2,,,,,,0,27,83,0
1201,2024-01-20 01:00:00,45.2,,,,,,0,28,78,0
1202,2024-01-20 02:00:00,42.8,,,,,,0,27,80,0
1203,2024-01-20 03:00:00,52.1,,,,,,0,25,84,0
1204,2024-01-20 04:00:00,54.4,,,,,,0,24,85,0
1205,2024-01-20 05:00:00,56.6,,,,,,0,24,85,0
1206,2024-01-20 06:00:00,60.0,,,,,,0,23,85,0
1207,2024-01-20 07:00:00,62.2,,,,,,0,24,84,0
1208,2024-01-20 08:00:00,58.2,,,,,,0,27,79,0
1209,2024-01-20 09:00:00,49.5,,,,,,0,30,73,0
1210,2024-01-20 10:00:00,44.4,,,,,,0,30,71,0
1211,2024-01-20 11:00:00,44.2,,,,,,0,31,71,0
1212,2024-01-20 12:00:00,44.1,,,,,,0,31,72,0
1213,2024-01-20 13:00:00,32.8,,,,,,0,31,70,0
1214,2024-01-20 14:00:00,33.2,,,,,,0,31,68,0
1215,2024-01-20 15:00:00,34.1,,,,,,0,31,69,0
1216,2024-01-20 16:00:00,31.1,,,,,,0,30,70,0
1217,2024-01-20 17:00:00,35.3,,,,,,0,29,72,0
1218,2024-01-20 18:00:00,29.3,,,,,,0,29,73,0
1219,2024-01-20 19:00:00,39.8,,,,,,0,28,74,0
1220,2024-01-20 20:00:00,34.4,,,,,,0,28,77,0
1221,2024-01-20 21:00:00,37.1,,,,,,0,28,78,0
1222,2024-01-20 22:00:00,36.6,,,,,,0,27,80,0
1223,2024-01-20 23:00:00,39.8,,,,,,0,28,79,0
1224,2024-01-21 00:00:00,27.5,,,,,,0,28,79,0
1225,2024-01-21 01:00:00,25.1,,,,,,0,28,79,0
1226,2024-01-21 02:00:00,29.2,,,,,,0,28,78,0
1227,2024-01-21 03:00:00,29.4,,,,,,0,28,78,0
1228,2024-01-21 04:00:00,26.9,,,,,,0,27,77,0
1229,2024-01-21 05:00:00,25.7,,,,,,0,27,79,0
1230,2024-01-21 06:00:00,36.8,,,,,,0,25,85,0
1231,2024-01-21 07:00:00,46.7,,,,,,0,25,86,0
1232,2024-01-21 08:00:00,49.2,,,,,,0,27,81,0
1233,2024-01-21 09:00:00,43.6,,,,,,0,29,76,0
1234,2024-01-21 10:00:00,42.7,,,,,,0,31,68,0
1235,2024-01-21 11:00:00,26.2,,,,,,0,31,66,0
1236,2024-01-21 12:00:00,27.4,,,,,,0,31,66,0
1237,2024-01-21 13:00:00,25.4,,,,,,0,31,68,0
1238,2024-01-21 14:00:00,25.7,,,,,,0,31,67,0
1239,2024-01-21 15:00:00,19.7,,,,,,0,31,68,0
1240,2024-01-21 16:00:00,29.1,,,,,,0,31,68,0
1241,2024-01-21 17:00:00,25.1,,,,,,0,30,70,0
1242,2024-01-21 18:00:00,19.2,,,,,,0,29,72,0
1243,2024-01-21 19:00:00,23.3,,,,,,0,29,73,0
1244,2024-01-21 20:00:00,24.3,,,,,,0,28,75,0
1245,2024-01-21 21:00:00,23.0,,,,,,0,28,78,0
1246,2024-01-21 22:00:00,29.8,,,,,,0,27,80,0
1247,2024-01-21 23:00:00,31.4,,,,,,0,27,81,0
1248,2024-01-22 00:00:00,22.6,,,,,,0,28,81,0
1249,2024-01-22 01:00:00,22.8,,,,,,0,28,79,0
1250,2024-01-22 02:00:00,25.7,,,,,,0,28,79,0
1251,2024-01-22 03:00:00,22.9,,,,,,0,28,79,0
1252,2024-01-22 04:00:00,31.6,,,,,,0,26,82,0
1253,2024-01-22 05:00:00,31.4,,,,,,0,26,84,0
1254,2024-01-22 06:00:00,27.7,,,,,,0,25,85,0
1255,2024-01-22 07:00:00,29.7,,,,,,0,25,85,0
1256,2024-01-22 08:00:00,27.9,,,,,,0,27,82,0
1257,2024-01-22 09:00:00,33.4,,,,,,0,29,74,0
1258,2024-01-22 10:00:00,33.2,,,,,,0,31,67,0
1259,2024-01-22 11:00:00,21.1,,,,,,0,31,68,0
1260,2024-01-22 12:00:00,22.3,,,,,,0,31,68,0
1261,2024-01-22 13:00:00,20.4,,,,,,0,31,67,0
1262,2024-01-22 14:00:00,29.7,,,,,,0,31,68,0
1263,2024-01-22 15:00:00,17.8,,,,,,0,31,70,0
1264,2024-01-22 16:00:00,31.6,,,,,,0,30,73,0
1265,2024-01-22 17:00:00,28.9,,,,,,0,30,76,0
1266,2024-01-22 18:00:00,24.1,,,,,,0,29,75,0
1267,2024-01-22 19:00:00,19.6,,,,,,0,29,75,0
1268,2024-01-22 20:00:00,24.3,,,,,,0,28,76,0
1269,2024-01-22 21:00:00,41.7,,,,,,0,28,77,0
1270,2024-01-22 22:00:00,40.3,,,,,,0,27,79,0
1271,2024-01-22 23:00:00,36.7,,,,,,0,27,80,0
1272,2024-01-23 00:00:00,35.1,,,,,,0,27,82,0
1273,2024-01-23 01:00:00,33.8,,,,,,0,27,82,0
1274,2024-01-23 02:00:00,31.1,,,,,,0,27,82,0
1275,2024-01-23 03:00:00,36.3,,,,,,0,26,83,0
1276,2024-01-23 04:00:00,37.3,,,,,,0,26,83,0
1277,2024-01-23 05:00:00,42.2,,,,,,0,26,82,0
1278,2024-01-23 06:00:00,40.5,,,,,,0,27,81,0
1279,2024-01-23 07:00:00,40.1,,,,,,0,27,79,0
1280,2024-01-23 08:00:00,43.2,,,,,,0,28,77,0
1281,2024-01-23 09:00:00,37.7,,,,,,0,29,73,0
1282,2024-01-23 10:00:00,48.0,,,,,,0,29,74,0
1283,2024-01-23 11:00:00,37.4,,,,,,0,28,77,0
1284,2024-01-23 12:00:00,34.1,,,,,,0,29,74,0
1285,2024-01-23 13:00:00,39.1,,,,,,0,30,68,0
1286,2024-01-23 14:00:00,,,,,,,0,0,0,0
1287,2024-01-23 15:00:00,40.1,,,,,,0,30,66,0
1288,2024-01-23 16:00:00,48.1,,,,,,0,29,71,0
1289,2024-01-23 17:00:00,42.8,,,,,,0,29,72,0
1290,2024-01-23 18:00:00,,,,,,,0,0,0,0
1291,2024-01-23 19:00:00,46.6,,,,,,0,28,73,0
1292,2024-01-23 20:00:00,38.5,,,,,,0,28,75,0
1293,2024-01-23 21:00:00,49.9,,,,,,0,28,76,0
1294,2024-01-23 22:00:00,47.7,,,,,,0,27,78,0
1295,2024-01-23 23:00:00,48.3,,,,,,0,27,78,0
1296,2024-01-24 00:00:00,51.3,,,,,,0,27,79,0
1297,2024-01-24 01:00:00,49.6,,,,,,0,27,79,0
1298,2024-01-24 02:00:00,51.7,,,,,,0,27,79,0
1299,2024-01-24 03:00:00,36.5,,,,,,0,26,73,0
1300,2024-01-24 04:00:00,24.9,,,,,,0,26,63,0
1301,2024-01-24 05:00:00,12.9,,,,,,0,26,62,0
1302,2024-01-24 06:00:00,19.6,,,,,,0,26,62,0
1303,2024-01-24 07:00:00,22.3,,,,,,0,26,62,0
1304,2024-01-24 08:00:00,18.9,,,,,,0,26,62,0
1305,2024-01-24 09:00:00,17.8,,,,,,0,26,61,0
1306,2024-01-24 10:00:00,20.1,,,,,,0,27,59,0
1307,2024-01-24 11:00:00,20.5,,,,,,0,27,59,0
1308,2024-01-24 12:00:00,21.2,,,,,,0,27,59,0
1309,2024-01-24 13:00:00,23.0,,,,,,0,27,59,0
1310,2024-01-24 14:00:00,23.4,,,,,,0,28,58,0
1311,2024-01-24 15:00:00,30.0,,,,,,0,28,58,0
1312,2024-01-24 16:00:00,21.4,,,,,,0,28,58,0
1313,2024-01-24 17:00:00,24.6,,,,,,0,28,58,0
1314,2024-01-24 18:00:00,30.1,,,,,,0,27,60,0
1315,2024-01-24 19:00:00,33.6,,,,,,0,27,63,0
1316,2024-01-24 20:00:00,36.8,,,,,,0,27,65,0
1317,2024-01-24 21:00:00,36.7,,,,,,0,27,66,0
1318,2024-01-24 22:00:00,48.5,,,,,,0,26,67,0
1319,2024-01-24 23:00:00,39.3,,,,,,0,26,66,0
1320,2024-01-25 00:00:00,36.1,,,,,,0,26,67,0
1321,2024-01-25 01:00:00,33.8,,,,,,0,26,65,0
1322,2024-01-25 02:00:00,26.7,,,,,,0,26,63,0
1323,2024-01-25 03:00:00,23.3,,,,,,0,25,63,0
1324,2024-01-25 04:00:00,25.5,,,,,,0,25,63,0
1325,2024-01-25 05:00:00,26.2,,,,,,0,24,64,0
1326,2024-01-25 06:00:00,24.7,,,,,,0,24,64,0
1327,2024-01-25 07:00:00,20.5,,,,,,0,25,63,0
1328,2024-01-25 08:00:00,19.9,,,,,,0,26,60,0
1329,2024-01-25 09:00:00,23.5,,,,,,0,28,55,0
1330,2024-01-25 10:00:00,30.4,,,,,,0,30,52,0
1331,2024-01-25 11:00:00,25.6,,,,,,0,31,49,0
1332,2024-01-25 12:00:00,25.7,,,,,,0,33,46,0
1333,2024-01-25 13:00:00,9.3,,,,,,0,31,54,0
1334,2024-01-25 14:00:00,6.1,,,,,,0,30,57,0
1335,2024-01-25 15:00:00,19.3,,,,,,0,29,61,0
1336,2024-01-25 16:00:00,19.5,,,,,,0,28,64,0
1337,2024-01-25 17:00:00,21.6,,,,,,0,28,64,0
1338,2024-01-25 18:00:00,27.1,,,,,,0,28,65,0
1339,2024-01-25 19:00:00,30.0,,,,,,0,27,68,0
1340,2024-01-25 20:00:00,44.2,,,,,,0,27,70,0
1341,2024-01-25 21:00:00,52.5,,,,,,0,26,72,0
1342,2024-01-25 22:00:00,48.4,,,,,,0,26,73,0
1343,2024-01-25 23:00:00,45.6,,,,,,0,25,74,0
1344,2024-01-26 00:00:00,41.9,,,,,,0,25,73,0
1345,2024-01-26 01:00:00,46.0,,,,,,0,24,72,0
1346,2024-01-26 02:00:00,52.0,,,,,,0,24,71,0
1347,2024-01-26 03:00:00,37.2,,,,,,0,24,69,0
1348,2024-01-26 04:00:00,28.3,,,,,,0,24,67,0
1349,2024-01-26 05:00:00,25.7,,,,,,0,24,66,0
1350,2024-01-26 06:00:00,24.2,,,,,,0,24,65,0
1351,2024-01-26 07:00:00,20.9,,,,,,0,25,64,0
1352,2024-01-26 08:00:00,23.0,,,,,,0,26,61,0
1353,2024-01-26 09:00:00,27.1,,,,,,0,28,57,0
1354,2024-01-26 10:00:00,27.4,,,,,,0,29,55,0
1355,2024-01-26 11:00:00,32.7,,,,,,0,30,52,0
1356,2024-01-26 12:00:00,37.6,,,,,,0,31,51,0
1357,2024-01-26 13:00:00,25.5,,,,,,0,31,54,0
1358,2024-01-26 14:00:00,22.4,,,,,,0,30,57,0
1359,2024-01-26 15:00:00,25.2,,,,,,0,30,60,0
1360,2024-01-26 16:00:00,27.4,,,,,,0,29,64,0
1361,2024-01-26 17:00:00,36.4,,,,,,0,28,65,0
1362,2024-01-26 18:00:00,32.6,,,,,,0,27,67,0
1363,2024-01-26 19:00:00,28.4,,,,,,0,27,68,0
1364,2024-01-26 20:00:00,34.7,,,,,,0,27,69,0
1365,2024-01-26 21:00:00,36.4,,,,,,0,27,69,0
1366,2024-01-26 22:00:00,53.3,,,,,,0,26,72,0
1367,2024-01-26 23:00:00,49.7,,,,,,0,26,74,0
1368,2024-01-27 00:00:00,46.7,,,,,,0,25,76,0
1369,2024-01-27 01:00:00,41.2,,,,,,0,25,77,0
1370,2024-01-27 02:00:00,56.2,,,,,,0,25,78,0
1371,2024-01-27 03:00:00,48.0,,,,,,0,24,80,0
1372,2024-01-27 04:00:00,58.1,,,,,,0,24,81,0
1373,2024-01-27 05:00:00,56.3,,,,,,0,23,82,0
1374,2024-01-27 06:00:00,61.2,,,,,,0,23,82,0
1375,2024-01-27 07:00:00,66.0,,,,,,0,24,79,0
1376,2024-01-27 08:00:00,65.0,,,,,,0,25,74,0
1377,2024-01-27 09:00:00,58.0,,,,,,0,27,69,0
1378,2024-01-27 10:00:00,39.8,,,,,,0,28,63,0
1379,2024-01-27 11:00:00,37.7,,,,,,0,30,57,0
1380,2024-01-27 12:00:00,30.2,,,,,,0,31,54,0
1381,2024-01-27 13:00:00,43.1,,,,,,0,32,54,0
1382,2024-01-27 14:00:00,26.5,,,,,,0,30,59,0
1383,2024-01-27 15:00:00,30.6,,,,,,0,30,61,0
1384,2024-01-27 16:00:00,35.0,,,,,,0,30,64,0
1385,2024-01-27 17:00:00,38.2,,,,,,0,29,67,0
1386,2024-01-27 18:00:00,30.9,,,,,,0,28,69,0
1387,2024-01-27 19:00:00,42.2,,,,,,0,27,71,0
1388,2024-01-27 20:00:00,47.4,,,,,,0,27,72,0
1389,2024-01-27 21:00:00,66.2,,,,,,0,27,73,0
1390,2024-01-27 22:00:00,59.4,,,,,,0,26,74,0
1391,2024-01-27 23:00:00,61.4,,,,,,0,26,76,0
1392,2024-01-28 00:00:00,61.3,,,,,,0,25,78,0
1393,2024-01-28 01:00:00,64.3,,,,,,0,25,79,0
1394,2024-01-28 02:00:00,55.6,,,,,,0,24,81,0
1395,2024-01-28 03:00:00,58.2,,,,,,0,24,81,0
1396,2024-01-28 04:00:00,55.5,,,,,,0,24,80,0
1397,2024-01-28 05:00:00,58.9,,,,,,0,24,80,0
1398,2024-01-28 06:00:00,62.5,,,,,,0,23,82,0
1399,2024-01-28 07:00:00,52.4,,,,,,0,25,78,0
1400,2024-01-28 08:00:00,51.8,,,,,,0,27,68,0
1401,2024-01-28 09:00:00,46.7,,,,,,0,29,63,0
1402,2024-01-28 10:00:00,39.7,,,,,,0,30,61,0
1403,2024-01-28 11:00:00,40.3,,,,,,0,31,60,0
1404,2024-01-28 12:00:00,31.7,,,,,,0,30,62,0
1405,2024-01-28 13:00:00,39.1,,,,,,0,31,56,0
1406,2024-01-28 14:00:00,29.6,,,,,,0,31,60,0
1407,2024-01-28 15:00:00,40.2,,,,,,0,31,60,0
1408,2024-01-28 16:00:00,41.2,,,,,,0,30,60,0
1409,2024-01-28 17:00:00,42.2,,,,,,0,30,63,0
1410,2024-01-28 18:00:00,43.6,,,,,,0,29,66,0
1411,2024-01-28 19:00:00,48.3,,,,,,0,28,70,0
1412,2024-01-28 20:00:00,57.7,,,,,,0,28,70,0
1413,2024-01-28 21:00:00,65.7,,,,,,0,28,71,0
1414,2024-01-28 22:00:00,60.1,,,,,,0,27,72,0
1415,2024-01-28 23:00:00,47.0,,,,,,0,27,74,0
1416,2024-01-29 00:00:00,57.1,,,,,,0,26,74,0
1417,2024-01-29 01:00:00,48.1,,,,,,0,26,73,0
1418,2024-01-29 02:00:00,54.1,,,,,,0,25,76,0
1419,2024-01-29 03:00:00,49.5,,,,,,0,25,77,0
1420,2024-01-29 04:00:00,57.0,,,,,,0,25,78,0
1421,2024-01-29 05:00:00,54.5,,,,,,0,24,79,0
1422,2024-01-29 06:00:00,50.2,,,,,,0,24,79,0
1423,2024-01-29 07:00:00,45.6,,,,,,0,25,73,0
1424,2024-01-29 08:00:00,35.1,,,,,,0,27,67,0
1425,2024-01-29 09:00:00,31.6,,,,,,0,29,60,0
1426,2024-01-29 10:00:00,35.5,,,,,,0,30,55,0
1427,2024-01-29 11:00:00,33.7,,,,,,0,31,53,0
1428,2024-01-29 12:00:00,33.9,,,,,,0,30,59,0
1429,2024-01-29 13:00:00,28.8,,,,,,0,30,59,0
1430,2024-01-29 14:00:00,38.9,,,,,,0,31,58,0
1431,2024-01-29 15:00:00,26.6,,,,,,0,30,61,0
1432,2024-01-29 16:00:00,36.5,,,,,,0,30,63,0
1433,2024-01-29 17:00:00,31.3,,,,,,0,30,63,0
1434,2024-01-29 18:00:00,31.5,,,,,,0,29,65,0
1435,2024-01-29 19:00:00,36.5,,,,,,0,28,70,0
1436,2024-01-29 20:00:00,40.2,,,,,,0,28,74,0
1437,2024-01-29 21:00:00,39.1,,,,,,0,27,76,0
1438,2024-01-29 22:00:00,45.0,,,,,,0,27,72,0
1439,2024-01-29 23:00:00,42.6,,,,,,0,27,74,0
1440,2024-01-30 00:00:00,32.7,,,,,,0,26,76,0
1441,2024-01-30 01:00:00,39.1,,,,,,0,26,77,0
1442,2024-01-30 02:00:00,45.7,,,,,,0,26,78,0
1443,2024-01-30 03:00:00,54.5,,,,,,0,25,79,0
1444,2024-01-30 04:00:00,50.9,,,,,,0,25,80,0
1445,2024-01-30 05:00:00,51.7,,,,,,0,25,81,0
1446,2024-01-30 06:00:00,41.9,,,,,,0,25,82,0
1447,2024-01-30 07:00:00,44.2,,,,,,0,25,81,0
1448,2024-01-30 08:00:00,55.2,,,,,,0,28,73,0
1449,2024-01-30 09:00:00,43.0,,,,,,0,29,70,0
1450,2024-01-30 10:00:00,45.6,,,,,,0,30,67,0
1451,2024-01-30 11:00:00,32.6,,,,,,0,30,66,0
1452,2024-01-30 12:00:00,35.3,,,,,,0,30,63,0
1453,2024-01-30 13:00:00,31.7,,,,,,0,31,63,0
1454,2024-01-30 14:00:00,36.4,,,,,,0,31,63,0
1455,2024-01-30 15:00:00,29.4,,,,,,0,30,66,0
1456,2024-01-30 16:00:00,31.8,,,,,,0,30,66,0
1457,2024-01-30 17:00:00,23.6,,,,,,0,29,70,0
1458,2024-01-30 18:00:00,32.3,,,,,,0,28,73,0
1459,2024-01-30 19:00:00,29.3,,,,,,0,28,75,0
1460,2024-01-30 20:00:00,26.6,,,,,,0,27,77,0
1461,2024-01-30 21:00:00,23.0,,,,,,0,27,79,0
1462,2024-01-30 22:00:00,38.7,,,,,,0,27,79,0
1463,2024-01-30 23:00:00,48.4,,,,,,0,26,81,0
1464,2024-01-31 00:00:00,46.2,,,,,,0,26,82,0
1465,2024-01-31 01:00:00,38.8,,,,,,0,25,83,0
1466,2024-01-31 02:00:00,46.3,,,,,,0,25,84,0
1467,2024-01-31 03:00:00,47.3,,,,,,0,25,85,0
1468,2024-01-31 04:00:00,47.7,,,,,,0,25,85,0
1469,2024-01-31 05:00:00,56.9,,,,,,0,25,86,0
1470,2024-01-31 06:00:00,46.1,,,,,,0,24,86,0
1471,2024-01-31 07:00:00,45.3,,,,,,0,25,85,0
1472,2024-01-31 08:00:00,41.0,,,,,,0,27,80,0
1473,2024-01-31 09:00:00,43.5,,,,,,0,30,72,0
1474,2024-01-31 10:00:00,47.2,,,,,,0,31,67,0
1475,2024-01-31 11:00:00,31.7,,,,,,0,31,66,0
1476,2024-01-31 12:00:00,35.7,,,,,,0,31,66,0
1477,2024-01-31 13:00:00,30.0,,,,,,0,31,69,0
1478,2024-01-31 14:00:00,24.7,,,,,,0,31,70,0
1479,2024-01-31 15:00:00,23.3,,,,,,0,30,70,0
1480,2024-01-31 16:00:00,20.0,,,,,,0,29,72,0
1481,2024-01-31 17:00:00,24.3,,,,,,0,29,74,0
1482,2024-01-31 18:00:00,20.4,,,,,,0,28,75,0
1483,2024-01-31 19:00:00,20.5,,,,,,0,28,76,0
1484,2024-01-31 20:00:00,35.4,,,,,,0,28,78,0
1485,2024-01-31 21:00:00,23.5,,,,,,0,28,78,0
1486,2024-01-31 22:00:00,18.3,,,,,,0,28,78,0
1487,2024-01-31 23:00:00,18.9,,,,,,0,28,78,0
1488,2024-02-01 00:00:00,13.6,,,,,,0,28,79,0
1489,2024-02-01 01:00:00,15.5,,,,,,0,28,80,0
1490,2024-02-01 02:00:00,15.1,,,,,,0,28,79,0
1491,2024-02-01 03:00:00,17.2,,,,,,0,27,79,0
1492,2024-02-01 04:00:00,21.1,,,,,,0,27,79,0
1493,2024-02-01 05:00:00,21.4,,,,,,0,27,79,0
1494,2024-02-01 06:00:00,22.6,,,,,,0,26,84,0
1495,2024-02-01 07:00:00,25.3,,,,,,0,26,85,0
1496,2024-02-01 08:00:00,35.7,,,,,,0,28,78,0
1497,2024-02-01 09:00:00,31.5,,,,,,0,29,75,0
1498,2024-02-01 10:00:00,27.7,,,,,,0,30,73,0
1499,2024-02-01 11:00:00,22.4,,,,,,0,31,70,0
1500,2024-02-01 12:00:00,18.3,,,,,,0,31,70,0
1501,2024-02-01 13:00:00,17.6,,,,,,0,31,69,0
1502,2024-02-01 14:00:00,15.2,,,,,,0,31,68,0
1503,2024-02-01 15:00:00,16.4,,,,,,0,31,68,0
1504,2024-02-01 16:00:00,12.0,,,,,,0,30,71,0
1505,2024-02-01 17:00:00,19.0,,,,,,0,29,73,0
1506,2024-02-01 18:00:00,12.7,,,,,,0,29,75,0
1507,2024-02-01 19:00:00,13.3,,,,,,0,28,75,0
1508,2024-02-01 20:00:00,12.7,,,,,,0,28,77,0
1509,2024-02-01 21:00:00,12.2,,,,,,0,28,78,0
1510,2024-02-01 22:00:00,8.6,,,,,,0,28,77,0
1511,2024-02-01 23:00:00,13.9,,,,,,0,28,78,0
1512,2024-02-02 00:00:00,14.7,,,,,,0,28,79,0
1513,2024-02-02 01:00:00,17.3,,,,,,0,28,79,0
1514,2024-02-02 02:00:00,19.3,,,,,,0,28,80,0
1515,2024-02-02 03:00:00,18.4,,,,,,0,27,80,0
1516,2024-02-02 04:00:00,19.5,,,,,,0,27,82,0
1517,2024-02-02 05:00:00,21.5,,,,,,0,26,84,0
1518,2024-02-02 06:00:00,23.3,,,,,,0,26,85,0
1519,2024-02-02 07:00:00,24.7,,,,,,0,26,84,0
1520,2024-02-02 08:00:00,27.2,,,,,,0,28,81,0
1521,2024-02-02 09:00:00,38.6,,,,,,0,30,74,0
1522,2024-02-02 10:00:00,24.4,,,,,,0,30,73,0
1523,2024-02-02 11:00:00,20.3,,,,,,0,31,72,0
1524,2024-02-02 12:00:00,17.6,,,,,,0,31,71,0
1525,2024-02-02 13:00:00,15.8,,,,,,0,31,70,0
1526,2024-02-02 14:00:00,12.7,,,,,,0,31,70,0
1527,2024-02-02 15:00:00,12.2,,,,,,0,30,72,0
1528,2024-02-02 16:00:00,13.4,,,,,,0,30,74,0
1529,2024-02-02 17:00:00,14.5,,,,,,0,29,76,0
1530,2024-02-02 18:00:00,14.5,,,,,,0,28,78,0
1531,2024-02-02 19:00:00,11.4,,,,,,0,28,79,0
1532,2024-02-02 20:00:00,13.9,,,,,,0,28,79,0
1533,2024-02-02 21:00:00,15.4,,,,,,0,28,80,0
1534,2024-02-02 22:00:00,17.4,,,,,,0,28,80,0
1535,2024-02-02 23:00:00,17.9,,,,,,0,28,81,0
1536,2024-02-03 00:00:00,14.4,,,,,,0,28,81,0
1537,2024-02-03 01:00:00,15.8,,,,,,0,28,81,0
1538,2024-02-03 02:00:00,19.6,,,,,,0,28,80,0
1539,2024-02-03 03:00:00,16.8,,,,,,0,28,80,0
1540,2024-02-03 04:00:00,25.7,,,,,,0,28,80,0
1541,2024-02-03 05:00:00,20.9,,,,,,0,28,80,0
1542,2024-02-03 06:00:00,19.9,,,,,,0,28,81,0
1543,2024-02-03 07:00:00,22.0,,,,,,0,28,78,0
1544,2024-02-03 08:00:00,26.4,,,,,,0,29,75,0
1545,2024-02-03 09:00:00,35.8,,,,,,0,30,73,0
1546,2024-02-03 10:00:00,26.0,,,,,,0,30,72,0
1547,2024-02-03 11:00:00,23.5,,,,,,0,31,71,0
1548,2024-02-03 12:00:00,21.2,,,,,,0,31,71,0
1549,2024-02-03 13:00:00,16.3,,,,,,0,31,71,0
1550,2024-02-03 14:00:00,21.6,,,,,,0,31,71,0
1551,2024-02-03 15:00:00,12.5,,,,,,0,31,72,0
1552,2024-02-03 16:00:00,11.5,,,,,,0,30,74,0
1553,2024-02-03 17:00:00,14.2,,,,,,0,29,76,0
1554,2024-02-03 18:00:00,17.8,,,,,,0,29,78,0
1555,2024-02-03 19:00:00,18.4,,,,,,0,29,79,0
1556,2024-02-03 20:00:00,17.9,,,,,,0,29,79,0
1557,2024-02-03 21:00:00,18.7,,,,,,0,28,79,0
1558,2024-02-03 22:00:00,21.7,,,,,,0,28,79,0
1559,2024-02-03 23:00:00,16.3,,,,,,0,28,79,0
1560,2024-02-04 00:00:00,22.7,,,,,,0,28,80,0
1561,2024-02-04 01:00:00,15.6,,,,,,0,28,81,0
1562,2024-02-04 02:00:00,18.6,,,,,,0,28,81,0
1563,2024-02-04 03:00:00,20.3,,,,,,0,28,81,0
1564,2024-02-04 04:00:00,17.6,,,,,,0,28,81,0
1565,2024-02-04 05:00:00,19.8,,,,,,0,28,81,0
1566,2024-02-04 06:00:00,23.7,,,,,,0,28,80,0
1567,2024-02-04 07:00:00,22.7,,,,,,0,28,79,0
1568,2024-02-04 08:00:00,27.7,,,,,,0,29,76,0
1569,2024-02-04 09:00:00,25.4,,,,,,0,30,74,0
1570,2024-02-04 10:00:00,25.3,,,,,,0,31,73,0
1571,2024-02-04 11:00:00,24.2,,,,,,0,31,71,0
1572,2024-02-04 12:00:00,24.7,,,,,,0,31,69,0
1573,2024-02-04 13:00:00,21.6,,,,,,0,31,71,0
1574,2024-02-04 14:00:00,22.3,,,,,,0,31,73,0
1575,2024-02-04 15:00:00,20.7,,,,,,0,31,74,0
1576,2024-02-04 16:00:00,18.5,,,,,,0,30,75,0
1577,2024-02-04 17:00:00,16.2,,,,,,0,29,76,0
1578,2024-02-04 18:00:00,19.5,,,,,,0,29,79,0
1579,2024-02-04 19:00:00,18.9,,,,,,0,29,79,0
1580,2024-02-04 20:00:00,15.9,,,,,,0,29,80,0
1581,2024-02-04 21:00:00,15.0,,,,,,0,29,81,0
1582,2024-02-04 22:00:00,19.6,,,,,,0,28,82,0
1583,2024-02-04 23:00:00,17.9,,,,,,0,28,82,0
1584,2024-02-05 00:00:00,9.7,,,,,,0,28,82,0
1585,2024-02-05 01:00:00,13.7,,,,,,0,28,83,0
1586,2024-02-05 02:00:00,15.1,,,,,,0,28,83,0
1587,2024-02-05 03:00:00,20.6,,,,,,0,28,83,0
1588,2024-02-05 04:00:00,18.7,,,,,,0,28,83,0
1589,2024-02-05 05:00:00,22.1,,,,,,0,28,82,0
1590,2024-02-05 06:00:00,24.8,,,,,,0,27,83,0
1591,2024-02-05 07:00:00,28.7,,,,,,0,28,83,0
1592,2024-02-05 08:00:00,30.9,,,,,,0,30,76,0
1593,2024-02-05 09:00:00,26.6,,,,,,0,30,74,0
1594,2024-02-05 10:00:00,20.6,,,,,,0,31,72,0
1595,2024-02-05 11:00:00,18.4,,,,,,0,31,71,0
1596,2024-02-05 12:00:00,18.8,,,,,,0,31,71,0
1597,2024-02-05 13:00:00,19.4,,,,,,0,31,71,0
1598,2024-02-05 14:00:00,23.9,,,,,,0,31,72,0
1599,2024-02-05 15:00:00,17.0,,,,,,0,31,73,0
1600,2024-02-05 16:00:00,22.7,,,,,,0,30,74,0
1601,2024-02-05 17:00:00,17.3,,,,,,0,30,77,0
1602,2024-02-05 18:00:00,13.9,,,,,,0,29,78,0
1603,2024-02-05 19:00:00,17.3,,,,,,0,29,80,0
1604,2024-02-05 20:00:00,18.6,,,,,,0,29,81,0
1605,2024-02-05 21:00:00,16.9,,,,,,0,29,81,0
1606,2024-02-05 22:00:00,19.1,,,,,,0,28,82,0
1607,2024-02-05 23:00:00,18.9,,,,,,0,28,83,0
1608,2024-02-06 00:00:00,16.6,,,,,,0,28,83,0
1609,2024-02-06 01:00:00,15.7,,,,,,0,28,83,0
1610,2024-02-06 02:00:00,16.5,,,,,,0,28,82,0
1611,2024-02-06 03:00:00,19.6,,,,,,0,28,82,0
1612,2024-02-06 04:00:00,16.8,,,,,,0,28,82,0
1613,2024-02-06 05:00:00,21.1,,,,,,0,28,82,0
1614,2024-02-06 06:00:00,22.4,,,,,,0,28,82,0
1615,2024-02-06 07:00:00,24.5,,,,,,0,28,81,0
1616,2024-02-06 08:00:00,26.5,,,,,,0,29,79,0
1617,2024-02-06 09:00:00,30.4,,,,,,0,30,76,0
1618,2024-02-06 10:00:00,27.2,,,,,,0,31,75,0
1619,2024-02-06 11:00:00,24.8,,,,,,0,31,73,0
1620,2024-02-06 12:00:00,18.4,,,,,,0,31,73,0
1621,2024-02-06 13:00:00,18.9,,,,,,0,31,74,0
1622,2024-02-06 14:00:00,21.6,,,,,,0,31,72,0
1623,2024-02-06 15:00:00,19.9,,,,,,0,31,74,0
1624,2024-02-06 16:00:00,23.2,,,,,,0,31,75,0
1625,2024-02-06 17:00:00,20.6,,,,,,0,30,76,0
1626,2024-02-06 18:00:00,15.5,,,,,,0,29,78,0
1627,2024-02-06 19:00:00,16.7,,,,,,0,29,80,0
1628,2024-02-06 20:00:00,18.8,,,,,,0,29,80,0
1629,2024-02-06 21:00:00,19.5,,,,,,0,29,81,0
1630,2024-02-06 22:00:00,20.6,,,,,,0,29,80,0
1631,2024-02-06 23:00:00,19.1,,,,,,0,29,80,0
1632,2024-02-07 00:00:00,11.1,,,,,,0,28,80,0
1633,2024-02-07 01:00:00,15.6,,,,,,0,28,80,0
1634,2024-02-07 02:00:00,12.4,,,,,,0,28,81,0
1635,2024-02-07 03:00:00,18.4,,,,,,0,28,81,0
1636,2024-02-07 04:00:00,18.3,,,,,,0,28,81,0
1637,2024-02-07 05:00:00,18.7,,,,,,0,28,81,0
1638,2024-02-07 06:00:00,22.5,,,,,,0,27,82,0
1639,2024-02-07 07:00:00,22.2,,,,,,0,27,84,0
1640,2024-02-07 08:00:00,30.1,,,,,,0,29,78,0
1641,2024-02-07 09:00:00,29.2,,,,,,0,30,74,0
1642,2024-02-07 10:00:00,25.8,,,,,,0,31,72,0
1643,2024-02-07 11:00:00,19.1,,,,,,0,31,72,0
1644,2024-02-07 12:00:00,22.6,,,,,,0,32,71,0
1645,2024-02-07 13:00:00,17.3,,,,,,0,31,72,0
1646,2024-02-07 14:00:00,18.7,,,,,,0,31,72,0
1647,2024-02-07 15:00:00,17.5,,,,,,0,31,73,0
1648,2024-02-07 16:00:00,18.9,,,,,,0,31,75,0
1649,2024-02-07 17:00:00,20.2,,,,,,0,30,77,0
1650,2024-02-07 18:00:00,17.9,,,,,,0,29,79,0
1651,2024-02-07 19:00:00,23.8,,,,,,0,29,80,0
1652,2024-02-07 20:00:00,24.8,,,,,,0,29,80,0
1653,2024-02-07 21:00:00,16.3,,,,,,0,29,81,0
1654,2024-02-07 22:00:00,19.7,,,,,,0,28,81,0
1655,2024-02-07 23:00:00,17.9,,,,,,0,28,81,0
1656,2024-02-08 00:00:00,19.8,,,,,,0,28,82,0
1657,2024-02-08 01:00:00,19.5,,,,,,0,28,81,0
1658,2024-02-08 02:00:00,19.3,,,,,,0,28,81,0
1659,2024-02-08 03:00:00,15.4,,,,,,0,28,81,0
1660,2024-02-08 04:00:00,14.7,,,,,,0,28,81,0
1661,2024-02-08 05:00:00,18.7,,,,,,0,28,80,0
1662,2024-02-08 06:00:00,21.4,,,,,,0,28,80,0
1663,2024-02-08 07:00:00,24.7,,,,,,0,29,79,0
1664,2024-02-08 08:00:00,23.8,,,,,,0,30,75,0
1665,2024-02-08 09:00:00,25.8,,,,,,0,31,73,0
1666,2024-02-08 10:00:00,19.9,,,,,,0,31,72,0
1667,2024-02-08 11:00:00,19.8,,,,,,0,31,72,0
1668,2024-02-08 12:00:00,22.2,,,,,,0,31,72,0
1669,2024-02-08 13:00:00,14.7,,,,,,0,31,71,0
1670,2024-02-08 14:00:00,23.4,,,,,,0,32,70,0
1671,2024-02-08 15:00:00,16.5,,,,,,0,31,72,0
1672,2024-02-08 16:00:00,13.8,,,,,,0,31,73,0
1673,2024-02-08 17:00:00,24.1,,,,,,0,30,75,0
1674,2024-02-08 18:00:00,21.2,,,,,,0,29,78,0
1675,2024-02-08 19:00:00,19.7,,,,,,0,29,79,0
1676,2024-02-08 20:00:00,16.5,,,,,,0,29,80,0
1677,2024-02-08 21:00:00,19.2,,,,,,0,29,80,0
1678,2024-02-08 22:00:00,15.6,,,,,,0,29,80,0
1679,2024-02-08 23:00:00,16.0,,,,,,0,29,80,0
1680,2024-02-09 00:00:00,16.6,,,,,,0,28,80,0
1681,2024-02-09 01:00:00,17.5,,,,,,0,28,80,0
1682,2024-02-09 02:00:00,14.5,,,,,,0,28,81,0
1683,2024-02-09 03:00:00,20.5,,,,,,0,28,81,0
1684,2024-02-09 04:00:00,16.2,,,,,,0,28,81,0
1685,2024-02-09 05:00:00,20.1,,,,,,0,28,81,0
1686,2024-02-09 06:00:00,26.1,,,,,,0,28,81,0
1687,2024-02-09 07:00:00,23.4,,,,,,0,29,78,0
1688,2024-02-09 08:00:00,26.1,,,,,,0,30,75,0
1689,2024-02-09 09:00:00,20.1,,,,,,0,31,73,0
1690,2024-02-09 10:00:00,22.9,,,,,,0,31,71,0
1691,2024-02-09 11:00:00,20.3,,,,,,0,32,71,0
1692,2024-02-09 12:00:00,16.6,,,,,,0,32,71,0
1693,2024-02-09 13:00:00,15.4,,,,,,0,32,71,0
1694,2024-02-09 14:00:00,14.7,,,,,,0,32,71,0
1695,2024-02-09 15:00:00,14.6,,,,,,0,31,72,0
1696,2024-02-09 16:00:00,15.6,,,,,,0,31,73,0
1697,2024-02-09 17:00:00,14.1,,,,,,0,30,75,0
1698,2024-02-09 18:00:00,11.9,,,,,,0,30,77,0
1699,2024-02-09 19:00:00,16.4,,,,,,0,29,78,0
1700,2024-02-09 20:00:00,22.2,,,,,,0,29,78,0
1701,2024-02-09 21:00:00,21.0,,,,,,0,29,79,0
1702,2024-02-09 22:00:00,19.7,,,,,,0,29,80,0
1703,2024-02-09 23:00:00,24.8,,,,,,0,29,80,0
1704,2024-02-10 00:00:00,27.2,,,,,,0,29,79,0
1705,2024-02-10 01:00:00,24.6,,,,,,0,29,79,0
1706,2024-02-10 02:00:00,25.6,,,,,,0,29,79,0
1707,2024-02-10 03:00:00,18.0,,,,,,0,28,80,0
1708,2024-02-10 04:00:00,10.4,,,,,,0,28,79,0
1709,2024-02-10 05:00:00,12.7,,,,,,0,29,77,0
1710,2024-02-10 06:00:00,15.0,,,,,,0,29,75,0
1711,2024-02-10 07:00:00,16.4,,,,,,0,29,76,0
1712,2024-02-10 08:00:00,25.0,,,,,,0,30,74,0
1713,2024-02-10 09:00:00,29.3,,,,,,0,31,72,0
1714,2024-02-10 10:00:00,25.5,,,,,,0,31,70,0
1715,2024-02-10 11:00:00,28.7,,,,,,0,31,69,0
1716,2024-02-10 12:00:00,37.0,,,,,,0,30,75,0
1717,2024-02-10 13:00:00,39.1,,,,,,0,27,88,0
1718,2024-02-10 14:00:00,32.2,,,,,,0,29,81,0
1719,2024-02-10 15:00:00,27.6,,,,,,0,29,80,0
1720,2024-02-10 16:00:00,30.4,,,,,,0,30,79,0
1721,2024-02-10 17:00:00,24.0,,,,,,0,29,77,0
1722,2024-02-10 18:00:00,18.8,,,,,,0,29,79,0
1723,2024-02-10 19:00:00,15.8,,,,,,0,28,80,0
1724,2024-02-10 20:00:00,24.9,,,,,,0,28,82,0
1725,2024-02-10 21:00:00,27.4,,,,,,0,27,83,0
1726,2024-02-10 22:00:00,17.6,,,,,,0,24,88,0
1727,2024-02-10 23:00:00,30.2,,,,,,0,25,90,0
1728,2024-02-11 00:00:00,32.3,,,,,,0,25,91,0
1729,2024-02-11 01:00:00,32.4,,,,,,0,26,89,0
1730,2024-02-11 02:00:00,21.9,,,,,,0,25,81,0
1731,2024-02-11 03:00:00,26.4,,,,,,0,24,79,0
1732,2024-02-11 04:00:00,22.0,,,,,,0,24,75,0
1733,2024-02-11 05:00:00,17.5,,,,,,0,24,72,0
1734,2024-02-11 06:00:00,17.1,,,,,,0,24,71,0
1735,2024-02-11 07:00:00,17.7,,,,,,0,24,70,0
1736,2024-02-11 08:00:00,29.3,,,,,,0,26,65,0
1737,2024-02-11 09:00:00,33.0,,,,,,0,27,60,0
1738,2024-02-11 10:00:00,34.6,,,,,,0,29,57,0
1739,2024-02-11 11:00:00,31.4,,,,,,0,31,53,0
1740,2024-02-11 12:00:00,33.3,,,,,,0,32,49,0
1741,2024-02-11 13:00:00,22.6,,,,,,0,32,52,0
1742,2024-02-11 14:00:00,20.1,,,,,,0,32,51,0
1743,2024-02-11 15:00:00,13.4,,,,,,0,31,54,0
1744,2024-02-11 16:00:00,17.6,,,,,,0,31,57,0
1745,2024-02-11 17:00:00,13.7,,,,,,0,30,61,0
1746,2024-02-11 18:00:00,25.6,,,,,,0,28,66,0
1747,2024-02-11 19:00:00,33.4,,,,,,0,27,68,0
1748,2024-02-11 20:00:00,44.6,,,,,,0,27,70,0
1749,2024-02-11 21:00:00,47.2,,,,,,0,26,72,0
1750,2024-02-11 22:00:00,45.1,,,,,,0,26,75,0
1751,2024-02-11 23:00:00,57.9,,,,,,0,25,75,0
1752,2024-02-12 00:00:00,53.2,,,,,,0,25,75,0
1753,2024-02-12 01:00:00,36.7,,,,,,0,25,69,0
1754,2024-02-12 02:00:00,32.6,,,,,,0,24,66,0
1755,2024-02-12 03:00:00,30.3,,,,,,0,24,66,0
1756,2024-02-12 04:00:00,34.4,,,,,,0,23,66,0
1757,2024-02-12 05:00:00,33.5,,,,,,0,23,67,0
1758,2024-02-12 06:00:00,31.5,,,,,,0,23,64,0
1759,2024-02-12 07:00:00,28.1,,,,,,0,24,63,0
1760,2024-02-12 08:00:00,39.0,,,,,,0,25,60,0
1761,2024-02-12 09:00:00,44.7,,,,,,0,28,55,0
1762,2024-02-12 10:00:00,37.6,,,,,,0,29,51,0
1763,2024-02-12 11:00:00,43.4,,,,,,0,30,49,0
1764,2024-02-12 12:00:00,40.2,,,,,,0,31,47,0
1765,2024-02-12 13:00:00,44.4,,,,,,0,32,48,0
1766,2024-02-12 14:00:00,27.2,,,,,,0,32,53,0
1767,2024-02-12 15:00:00,27.5,,,,,,0,31,54,0
1768,2024-02-12 16:00:00,30.5,,,,,,0,31,55,0
1769,2024-02-12 17:00:00,41.7,,,,,,0,30,62,0
1770,2024-02-12 18:00:00,45.6,,,,,,0,29,62,0
1771,2024-02-12 19:00:00,55.0,,,,,,0,28,65,0
1772,2024-02-12 20:00:00,65.0,,,,,,0,27,70,0
1773,2024-02-12 21:00:00,61.3,,,,,,0,26,73,0
1774,2024-02-12 22:00:00,53.6,,,,,,0,26,74,0
1775,2024-02-12 23:00:00,48.1,,,,,,0,26,70,0
1776,2024-02-13 00:00:00,50.3,,,,,,0,25,69,0
1777,2024-02-13 01:00:00,50.1,,,,,,0,24,67,0
1778,2024-02-13 02:00:00,49.8,,,,,,0,24,69,0
1779,2024-02-13 03:00:00,49.3,,,,,,0,23,70,0
1780,2024-02-13 04:00:00,45.9,,,,,,0,23,68,0
1781,2024-02-13 05:00:00,47.5,,,,,,0,23,66,0
1782,2024-02-13 06:00:00,64.3,,,,,,0,22,70,0
1783,2024-02-13 07:00:00,53.0,,,,,,0,24,67,0
1784,2024-02-13 08:00:00,63.8,,,,,,0,26,62,0
1785,2024-02-13 09:00:00,47.3,,,,,,0,29,55,0
1786,2024-02-13 10:00:00,39.8,,,,,,0,31,49,0
1787,2024-02-13 11:00:00,41.7,,,,,,0,32,49,0
1788,2024-02-13 12:00:00,35.9,,,,,,0,32,52,0
1789,2024-02-13 13:00:00,36.0,,,,,,0,32,54,0
1790,2024-02-13 14:00:00,40.4,,,,,,0,31,57,0
1791,2024-02-13 15:00:00,31.8,,,,,,0,31,59,0
1792,2024-02-13 16:00:00,36.9,,,,,,0,31,60,0
1793,2024-02-13 17:00:00,33.8,,,,,,0,30,64,0
1794,2024-02-13 18:00:00,34.4,,,,,,0,29,67,0
1795,2024-02-13 19:00:00,50.2,,,,,,0,29,61,0
1796,2024-02-13 20:00:00,64.8,,,,,,0,28,65,0
1797,2024-02-13 21:00:00,72.7,,,,,,0,27,71,0
1798,2024-02-13 22:00:00,67.5,,,,,,0,26,73,0
1799,2024-02-13 23:00:00,65.9,,,,,,0,26,77,0
1800,2024-02-14 00:00:00,59.9,,,,,,0,25,78,0
1801,2024-02-14 01:00:00,59.6,,,,,,0,25,79,0
1802,2024-02-14 02:00:00,63.3,,,,,,0,24,79,0
1803,2024-02-14 03:00:00,65.5,,,,,,0,24,78,0
1804,2024-02-14 04:00:00,69.0,,,,,,0,24,77,0
1805,2024-02-14 05:00:00,65.6,,,,,,0,24,78,0
1806,2024-02-14 06:00:00,60.2,,,,,,0,23,76,0
1807,2024-02-14 07:00:00,59.4,,,,,,0,24,75,0
1808,2024-02-14 08:00:00,69.4,,,,,,0,28,71,0
1809,2024-02-14 09:00:00,62.7,,,,,,0,30,68,0
1810,2024-02-14 10:00:00,48.1,,,,,,0,31,67,0
1811,2024-02-14 11:00:00,49.1,,,,,,0,31,67,0
1812,2024-02-14 12:00:00,42.5,,,,,,0,31,67,0
1813,2024-02-14 13:00:00,52.9,,,,,,0,31,65,0
1814,2024-02-14 14:00:00,,,,,,,0,31,65,0
1815,2024-02-14 15:00:00,,,,,,,0,31,65,0
1816,2024-02-14 16:00:00,53.2,,,,,,0,31,66,0
1817,2024-02-14 17:00:00,46.2,,,,,,0,30,67,0
1818,2024-02-14 18:00:00,45.4,,,,,,0,29,69,0
1819,2024-02-14 19:00:00,41.0,,,,,,0,29,71,0
1820,2024-02-14 20:00:00,42.7,,,,,,0,29,72,0
1821,2024-02-14 21:00:00,40.2,,,,,,0,28,75,0
1822,2024-02-14 22:00:00,40.6,,,,,,0,28,77,0
1823,2024-02-14 23:00:00,38.0,,,,,,0,28,77,0
1824,2024-02-15 00:00:00,49.2,,,,,,0,27,79,0
1825,2024-02-15 01:00:00,54.3,,,,,,0,26,81,0
1826,2024-02-15 02:00:00,51.3,,,,,,0,26,82,0
1827,2024-02-15 03:00:00,54.5,,,,,,0,26,83,0
1828,2024-02-15 04:00:00,58.3,,,,,,0,25,83,0
1829,2024-02-15 05:00:00,53.1,,,,,,0,25,84,0
1830,2024-02-15 06:00:00,61.0,,,,,,0,25,85,0
1831,2024-02-15 07:00:00,56.4,,,,,,0,26,84,0
1832,2024-02-15 08:00:00,54.9,,,,,,0,28,79,0
1833,2024-02-15 09:00:00,52.1,,,,,,0,30,73,0
1834,2024-02-15 10:00:00,39.5,,,,,,0,31,71,0
1835,2024-02-15 11:00:00,34.8,,,,,,0,31,70,0
1836,2024-02-15 12:00:00,28.0,,,,,,0,31,70,0
1837,2024-02-15 13:00:00,24.7,,,,,,0,31,70,0
1838,2024-02-15 14:00:00,24.3,,,,,,0,31,68,0
1839,2024-02-15 15:00:00,27.2,,,,,,0,31,69,0
1840,2024-02-15 16:00:00,20.1,,,,,,0,31,71,0
1841,2024-02-15 17:00:00,,,,,,,0,30,74,0
1842,2024-02-15 18:00:00,,,,,,,0,29,78,0
1843,2024-02-15 19:00:00,22.4,,,,,,0,29,78,0
1844,2024-02-15 20:00:00,21.2,,,,,,0,29,78,0
1845,2024-02-15 21:00:00,22.0,,,,,,0,29,77,0
1846,2024-02-15 22:00:00,19.0,,,,,,0,29,76,0
1847,2024-02-15 23:00:00,20.3,,,,,,0,29,78,0
1848,2024-02-16 00:00:00,20.5,,,,,,0,28,79,0
1849,2024-02-16 01:00:00,17.7,,,,,,0,28,78,0
1850,2024-02-16 02:00:00,15.4,,,,,,0,28,78,0
1851,2024-02-16 03:00:00,10.4,,,,,,0,28,78,0
1852,2024-02-16 04:00:00,10.9,,,,,,0,28,77,0
1853,2024-02-16 05:00:00,11.2,,,,,,0,28,77,0
1854,2024-02-16 06:00:00,12.4,,,,,,0,28,78,0
1855,2024-02-16 07:00:00,20.6,,,,,,0,28,80,0
1856,2024-02-16 08:00:00,27.6,,,,,,0,29,77,0
1857,2024-02-16 09:00:00,15.4,,,,,,0,29,75,0
1858,2024-02-16 10:00:00,23.3,,,,,,0,30,72,0
1859,2024-02-16 11:00:00,12.9,,,,,,0,30,72,0
1860,2024-02-16 12:00:00,15.8,,,,,,0,31,70,0
1861,2024-02-16 13:00:00,17.3,,,,,,0,31,69,0
1862,2024-02-16 14:00:00,17.4,,,,,,0,31,70,0
1863,2024-02-16 15:00:00,14.7,,,,,,0,31,70,0
1864,2024-02-16 16:00:00,15.2,,,,,,0,30,72,0
1865,2024-02-16 17:00:00,11.4,,,,,,0,30,75,0
1866,2024-02-16 18:00:00,12.8,,,,,,0,29,76,0
1867,2024-02-16 19:00:00,19.2,,,,,,0,29,76,0
1868,2024-02-16 20:00:00,15.0,,,,,,0,29,77,0
1869,2024-02-16 21:00:00,15.7,,,,,,0,29,79,0
1870,2024-02-16 22:00:00,13.6,,,,,,0,29,81,0
1871,2024-02-16 23:00:00,16.5,,,,,,0,29,79,0
1872,2024-02-17 00:00:00,12.3,,,,,,0,29,78,0
1873,2024-02-17 01:00:00,13.1,,,,,,0,28,78,0
1874,2024-02-17 02:00:00,15.3,,,,,,0,28,78,0
1875,2024-02-17 03:00:00,11.7,,,,,,0,28,78,0
1876,2024-02-17 04:00:00,14.0,,,,,,0,28,78,0
1877,2024-02-17 05:00:00,14.2,,,,,,0,28,78,0
1878,2024-02-17 06:00:00,14.6,,,,,,0,28,78,0
1879,2024-02-17 07:00:00,16.6,,,,,,0,29,76,0
1880,2024-02-17 08:00:00,20.2,,,,,,0,30,73,0
1881,2024-02-17 09:00:00,21.0,,,,,,0,30,72,0
1882,2024-02-17 10:00:00,18.9,,,,,,0,31,71,0
1883,2024-02-17 11:00:00,20.2,,,,,,0,31,70,0
1884,2024-02-17 12:00:00,18.1,,,,,,0,31,69,0
1885,2024-02-17 13:00:00,19.4,,,,,,0,31,70,0
1886,2024-02-17 14:00:00,12.6,,,,,,0,31,71,0
1887,2024-02-17 15:00:00,7.9,,,,,,0,30,71,0
1888,2024-02-17 16:00:00,7.5,,,,,,0,30,69,0
1889,2024-02-17 17:00:00,9.9,,,,,,0,30,71,0
1890,2024-02-17 18:00:00,10.6,,,,,,0,29,71,0
1891,2024-02-17 19:00:00,8.0,,,,,,0,29,73,0
1892,2024-02-17 20:00:00,8.5,,,,,,0,29,73,0
1893,2024-02-17 21:00:00,10.6,,,,,,0,28,74,0
1894,2024-02-17 22:00:00,11.0,,,,,,0,28,75,0
1895,2024-02-17 23:00:00,9.7,,,,,,0,28,75,0
1896,2024-02-18 00:00:00,11.1,,,,,,0,28,74,0
1897,2024-02-18 01:00:00,15.1,,,,,,0,28,75,0
1898,2024-02-18 02:00:00,11.7,,,,,,0,28,75,0
1899,2024-02-18 03:00:00,16.9,,,,,,0,28,74,0
1900,2024-02-18 04:00:00,12.7,,,,,,0,28,74,0
1901,2024-02-18 05:00:00,14.5,,,,,,0,28,74,0
1902,2024-02-18 06:00:00,16.6,,,,,,0,28,74,0
1903,2024-02-18 07:00:00,18.0,,,,,,0,28,73,0
1904,2024-02-18 08:00:00,21.0,,,,,,0,29,72,0
1905,2024-02-18 09:00:00,24.1,,,,,,0,30,70,0
1906,2024-02-18 10:00:00,17.2,,,,,,0,30,69,0
1907,2024-02-18 11:00:00,22.3,,,,,,0,31,67,0
1908,2024-02-18 12:00:00,16.5,,,,,,0,31,67,0
1909,2024-02-18 13:00:00,19.1,,,,,,0,31,67,0
1910,2024-02-18 14:00:00,16.6,,,,,,0,31,67,0
1911,2024-02-18 15:00:00,14.8,,,,,,0,31,68,0
1912,2024-02-18 16:00:00,16.1,,,,,,0,30,69,0
1913,2024-02-18 17:00:00,14.1,,,,,,0,30,70,0
1914,2024-02-18 18:00:00,17.6,,,,,,0,29,71,0
1915,2024-02-18 19:00:00,14.8,,,,,,0,29,72,0
1916,2024-02-18 20:00:00,15.8,,,,,,0,28,74,0
1917,2024-02-18 21:00:00,18.7,,,,,,0,28,75,0
1918,2024-02-18 22:00:00,14.1,,,,,,0,28,76,0
1919,2024-02-18 23:00:00,14.9,,,,,,0,28,75,0
1920,2024-02-19 00:00:00,13.9,,,,,,0,28,76,0
1921,2024-02-19 01:00:00,12.7,,,,,,0,28,77,0
1922,2024-02-19 02:00:00,14.1,,,,,,0,28,77,0
1923,2024-02-19 03:00:00,14.8,,,,,,0,28,77,0
1924,2024-02-19 04:00:00,10.4,,,,,,0,28,76,0
1925,2024-02-19 05:00:00,16.0,,,,,,0,28,76,0
1926,2024-02-19 06:00:00,16.2,,,,,,0,28,76,0
1927,2024-02-19 07:00:00,22.9,,,,,,0,28,75,0
1928,2024-02-19 08:00:00,18.6,,,,,,0,30,71,0
1929,2024-02-19 09:00:00,21.0,,,,,,0,30,70,0
1930,2024-02-19 10:00:00,12.0,,,,,,0,31,70,0
1931,2024-02-19 11:00:00,15.6,,,,,,0,31,69,0
1932,2024-02-19 12:00:00,11.9,,,,,,0,31,69,0
1933,2024-02-19 13:00:00,13.2,,,,,,0,31,69,0
1934,2024-02-19 14:00:00,15.8,,,,,,0,31,68,0
1935,2024-02-19 15:00:00,11.5,,,,,,0,31,69,0
1936,2024-02-19 16:00:00,9.6,,,,,,0,31,70,0
1937,2024-02-19 17:00:00,9.5,,,,,,0,30,73,0
1938,2024-02-19 18:00:00,8.3,,,,,,0,29,75,0
1939,2024-02-19 19:00:00,7.7,,,,,,0,29,75,0
1940,2024-02-19 20:00:00,9.8,,,,,,0,29,77,0
1941,2024-02-19 21:00:00,7.7,,,,,,0,29,77,0
1942,2024-02-19 22:00:00,10.0,,,,,,0,29,78,0
1943,2024-02-19 23:00:00,7.5,,,,,,0,28,79,0
1944,2024-02-20 00:00:00,9.1,,,,,,0,28,79,0
1945,2024-02-20 01:00:00,8.7,,,,,,0,28,79,0
1946,2024-02-20 02:00:00,12.6,,,,,,0,28,79,0
1947,2024-02-20 03:00:00,12.5,,,,,,0,28,79,0
1948,2024-02-20 04:00:00,7.3,,,,,,0,28,79,0
1949,2024-02-20 05:00:00,13.0,,,,,,0,28,79,0
1950,2024-02-20 06:00:00,14.7,,,,,,0,28,78,0
1951,2024-02-20 07:00:00,11.8,,,,,,0,29,76,0
1952,2024-02-20 08:00:00,22.5,,,,,,0,30,73,0
1953,2024-02-20 09:00:00,19.0,,,,,,0,31,71,0
1954,2024-02-20 10:00:00,14.1,,,,,,0,31,70,0
1955,2024-02-20 11:00:00,11.2,,,,,,0,31,69,0
1956,2024-02-20 12:00:00,14.7,,,,,,0,31,68,0
1957,2024-02-20 13:00:00,9.4,,,,,,0,31,67,0
1958,2024-02-20 14:00:00,11.5,,,,,,0,31,67,0
1959,2024-02-20 15:00:00,5.2,,,,,,0,31,68,0
1960,2024-02-20 16:00:00,13.0,,,,,,0,31,70,0
1961,2024-02-20 17:00:00,12.8,,,,,,0,30,72,0
1962,2024-02-20 18:00:00,9.4,,,,,,0,29,73,0
1963,2024-02-20 19:00:00,11.5,,,,,,0,29,74,0
1964,2024-02-20 20:00:00,15.0,,,,,,0,29,75,0
1965,2024-02-20 21:00:00,14.4,,,,,,0,29,77,0
1966,2024-02-20 22:00:00,15.5,,,,,,0,28,79,0
1967,2024-02-20 23:00:00,18.8,,,,,,0,28,79,0
